year,make,model,state,sellingprice,type
2012,Scion,iQ,fl,8500,Hatchback
2012,Subaru,Outback,fl,21200,Hatchback
2012,Toyota,Venza,fl,14300,Hatchback
2012,Toyota,Prius c,fl,9700,Hatchback
2012,Volkswagen,Beetle,fl,12600,Hatchback
2012,Toyota,Prius v,wa,15400,Hatchback
2012,Volkswagen,GTI,fl,15100,Hatchback
2012,Audi,A3,fl,15500,Hatchback
2012,Audi,A3,fl,18900,Hatchback
2012,Audi,A3,fl,16600,Hatchback
2012,Audi,A3,fl,18000,Hatchback
2012,Audi,A5,fl,27400,Convertible
2012,BMW,M6,wa,60000,Convertible
2012,BMW,3 Series,fl,24800,Convertible
2012,BMW,3 Series,wa,30750,Convertible
2012,Audi,TTS,fl,40600,Convertible
2012,BMW,3 Series,wa,28500,Convertible
2012,BMW,3 Series,wa,23500,Hatchback
2012,Chevrolet,Camaro,fl,20000,Convertible
2012,Chevrolet,Express Cargo,fl,12000,Minivan
2012,Chevrolet,Sonic,fl,7300,Hatchback
2012,Chrysler,200,fl,8300,Convertible
2012,FIAT,500,fl,6500,Hatchback
2012,Chrysler,Town and Country,fl,16000,Minivan
2012,Dodge,Grand Caravan,fl,10800,Minivan
2012,Ferrari,California,fl,156000,Convertible
2012,Ford,Focus,fl,10900,Hatchback
2012,Ford,Flex,fl,23900,Hatchback
2012,Ford,Focus,fl,10600,Hatchback
2012,Ford,Focus,fl,7100,Hatchback
2012,Ford,Focus,fl,10300,Hatchback
2012,Ford,Focus,fl,13400,Hatchback
2012,Ford,Focus,fl,8201,Hatchback
2012,Ford,Focus,fl,8300,Hatchback
2012,Ford,Focus,fl,11200,Hatchback
2012,Ford,Transit Connect,fl,15000,Minivan
2012,Ford,Transit Connect,fl,9900,Minivan
2012,Honda,Odyssey,fl,22200,Minivan
2012,Honda,Odyssey,fl,24200,Minivan
2012,Honda,Odyssey,fl,18900,Minivan
2012,Honda,Insight,fl,9000,Hatchback
2012,Honda,Fit,fl,10900,Hatchback
2012,Honda,Odyssey,fl,26000,Minivan
2012,Honda,CR-Z,fl,11700,Hatchback
2012,Honda,Odyssey,fl,25200,Minivan
2012,Honda,Odyssey,fl,22300,Minivan
2012,Hyundai,Veloster,wa,10500,Hatchback
2012,Hyundai,Veloster,fl,12400,Hatchback
2012,Hyundai,Veloster,fl,10300,Hatchback
2012,Hyundai,Veloster,fl,10000,Hatchback
2012,Hyundai,Veloster,fl,12600,Hatchback
2012,Hyundai,Veloster,fl,10500,Hatchback
2012,Kia,Forte,fl,12100,Hatchback
2012,Kia,Soul,fl,10600,Hatchback
2012,Lexus,CT 200h,fl,18000,Hatchback
2012,Kia,Soul,wa,9700,Hatchback
2012,Kia,Soul,wa,11000,Hatchback
2012,Kia,Soul,fl,10100,Hatchback
2012,Kia,Soul,wa,9200,Hatchback
2012,Lexus,CT 200h,wa,18000,Hatchback
2012,Kia,Soul,fl,10900,Hatchback
2012,Kia,Soul,fl,8000,Hatchback
2012,Lincoln,MKT,fl,23800,Hatchback
2012,MINI,Cooper Countryman,fl,16000,Hatchback
2012,Mazda,Mazdaspeed 3,fl,15400,Hatchback
2012,Mazda,Mazda3,fl,12400,Hatchback
2012,Mazda,Mazda3,fl,10500,Hatchback
2012,Mazda,Mazda3,fl,13600,Hatchback
2012,Nissan,370Z,fl,22700,Convertible
2012,Mercedes-Benz,SLK-Class,fl,30200,Convertible
2012,Mitsubishi,Eclipse,fl,10400,Hatchback
2012,Nissan,Leaf,wa,11500,Hatchback
2012,Nissan,Leaf,wa,11900,Hatchback
2012,Nissan,Leaf,wa,10500,Hatchback
2012,Nissan,Cube,fl,9800,Hatchback
2012,Nissan,Leaf,wa,10600,Hatchback
2012,Nissan,Leaf,wa,12500,Hatchback
2012,Nissan,Leaf,wa,11500,Hatchback
2012,Nissan,Leaf,wa,10200,Hatchback
2012,Nissan,Leaf,wa,10800,Hatchback
2012,Nissan,Leaf,wa,10800,Hatchback
2012,Nissan,Leaf,wa,11000,Hatchback
2012,Nissan,Leaf,wa,10200,Hatchback
2012,Nissan,Leaf,wa,10600,Hatchback
2012,Nissan,Leaf,wa,10900,Hatchback
2012,Nissan,Leaf,wa,10500,Hatchback
2012,Nissan,Leaf,wa,10900,Hatchback
2012,Nissan,Leaf,wa,11700,Hatchback
2012,Nissan,Leaf,wa,10300,Hatchback
2012,Nissan,Leaf,wa,11100,Hatchback
2012,Nissan,Leaf,wa,10300,Hatchback
2012,Nissan,Quest,fl,11600,Minivan
2012,Nissan,Versa,fl,7200,Hatchback
2012,Nissan,Versa,wa,10000,Hatchback
2012,BMW,3 Series,fl,37000,Convertible
2012,Dodge,Grand Caravan,fl,8300,Minivan
2012,Dodge,Grand Caravan,fl,9000,Minivan
2012,Ford,Mustang,fl,11001,Convertible
2012,Ford,Mustang,fl,14300,Convertible
2012,Honda,Odyssey,fl,23600,Minivan
2012,Honda,Odyssey,fl,25500,Minivan
2012,Honda,Odyssey,fl,28000,Minivan
2012,Honda,Odyssey,fl,28800,Minivan
2012,Honda,Odyssey,fl,22000,Minivan
2012,Hyundai,Veloster,fl,12900,Hatchback
2012,Kia,Sedona,fl,9801,Minivan
2012,Kia,Sedona,fl,10500,Minivan
2012,Lexus,CT 200h,fl,19000,Hatchback
2012,Lexus,CT 200h,fl,20500,Hatchback
2012,Kia,Sedona,fl,9800,Minivan
2012,Lexus,CT 200h,fl,19000,Hatchback
2012,Lexus,IS 250 C,fl,26200,Convertible
2012,Lexus,IS 350 C,fl,26800,Convertible
2012,Lexus,CT 200h,fl,19500,Hatchback
2012,Mazda,Mazda5,fl,15400,Minivan
2012,Nissan,Leaf,fl,10600,Hatchback
2012,Scion,xD,fl,11400,Hatchback
2012,Nissan,Versa,fl,8300,Hatchback
2012,Scion,tC,fl,13200,Hatchback
2012,Toyota,Sienna,fl,18500,Minivan
2012,Toyota,Sienna,fl,22500,Minivan
2012,Toyota,Prius v,fl,17200,Hatchback
2012,Toyota,Prius Plug-in,fl,16100,Hatchback
2012,Toyota,Sienna,fl,18200,Minivan
2012,Toyota,Sienna,fl,18800,Minivan
2012,Toyota,Prius,fl,14000,Hatchback
2012,Volkswagen,Jetta SportWagen,fl,18000,Hatchback
2012,Volvo,C70,fl,17600,Convertible
2012,BMW,3 Series,fl,28400,Convertible
2012,Audi,A3,fl,13300,Hatchback
2012,BMW,M3,fl,38000,Convertible
2012,Chevrolet,Volt,fl,12100,Hatchback
2012,Chrysler,Town and Country,fl,13500,Minivan
2012,Chrysler,Town and Country,fl,16500,Minivan
2012,Chevrolet,Volt,fl,10200,Hatchback
2012,Dodge,Grand Caravan,fl,11100,Minivan
2012,Dodge,Grand Caravan,fl,10400,Minivan
2012,Ford,Focus,fl,9200,Hatchback
2012,Ford,Focus,fl,9700,Hatchback
2012,Ford,Focus,fl,12500,Hatchback
2012,Ford,Focus,fl,10300,Hatchback
2012,Ford,Flex,fl,19700,Hatchback
2012,Ford,Transit Connect,wa,16300,Minivan
2012,Ford,Mustang,fl,11700,Convertible
2012,Ford,Mustang,fl,12200,Convertible
2012,Hyundai,Accent,fl,9400,Hatchback
2012,Hyundai,Elantra Touring,fl,11600,Hatchback
2012,Honda,Crosstour,fl,16600,Hatchback
2012,Honda,Odyssey,fl,18400,Minivan
2012,Infiniti,G Convertible,fl,25200,Convertible
2012,Hyundai,Veloster,fl,13200,Hatchback
2012,Hyundai,Veloster,fl,13600,Hatchback
2012,Lexus,IS 250 C,fl,29600,Convertible
2012,Kia,Sedona,fl,10200,Minivan
2012,Kia,Soul,fl,8900,Hatchback
2012,Lexus,CT 200h,wa,19200,Hatchback
2012,Kia,Soul,fl,6000,Hatchback
2012,Mazda,Mazda3,fl,10700,Hatchback
2012,Nissan,Leaf,fl,11800,Hatchback
2012,Nissan,Versa,fl,4500,Hatchback
2012,Nissan,Versa,fl,8400,Hatchback
2012,Scion,tC,fl,12900,Hatchback
2012,Toyota,Prius,fl,14200,Hatchback
2012,Toyota,Sienna,fl,16600,Minivan
2012,Toyota,Prius v,fl,17400,Hatchback
2012,Toyota,Prius v,fl,13900,Hatchback
2012,Toyota,Prius,fl,15400,Hatchback
2012,Chevrolet,Sonic,fl,7400,Hatchback
2012,FIAT,500,fl,8800,Convertible
2012,Dodge,Grand Caravan,fl,11500,Minivan
2012,Dodge,Grand Caravan,fl,9100,Minivan
2012,Hyundai,Veloster,fl,10500,Hatchback
2012,Scion,xB,fl,12000,Hatchback
2012,Chevrolet,Volt,fl,8400,Hatchback
2012,Chevrolet,Volt,wa,12100,Hatchback
2012,Chevrolet,Volt,wa,12000,Hatchback
2012,Chevrolet,Volt,fl,14600,Hatchback
2012,Dodge,Grand Caravan,fl,8500,Minivan
2012,Chrysler,Town and Country,wa,10400,Minivan
2012,Dodge,Grand Caravan,fl,8600,Minivan
2012,Chrysler,Town and Country,fl,13100,Minivan
2012,Dodge,Grand Caravan,fl,10500,Minivan
2012,Dodge,Grand Caravan,fl,10700,Minivan
2012,Dodge,Grand Caravan,fl,10900,Minivan
2012,Dodge,Grand Caravan,fl,10300,Minivan
2012,Dodge,Grand Caravan,wa,7900,Minivan
2012,Ford,Focus,fl,7200,Hatchback
2012,Ford,Focus,fl,10500,Hatchback
2012,Honda,Odyssey,fl,23050,Minivan
2012,Honda,Odyssey,fl,26400,Minivan
2012,Hyundai,Accent,fl,6700,Hatchback
2012,Kia,Rio,fl,8100,Hatchback
2012,Lexus,CT 200h,fl,20000,Hatchback
2012,Kia,Sedona,fl,9600,Minivan
2012,Kia,Sedona,fl,10100,Minivan
2012,Lexus,CT 200h,fl,20900,Hatchback
2012,Lexus,CT 200h,fl,21000,Hatchback
2012,Kia,Sedona,fl,10200,Minivan
2012,Lexus,CT 200h,fl,16500,Hatchback
2012,Lexus,IS 250 C,fl,27900,Convertible
2012,Nissan,Quest,fl,12400,Minivan
2012,Nissan,Quest,fl,12500,Minivan
2012,Subaru,Outback,fl,13500,Hatchback
2012,Nissan,Versa,fl,6800,Hatchback
2012,Subaru,Outback,wa,14600,Hatchback
2012,Toyota,Sienna,fl,23800,Minivan
2012,Toyota,Prius v,fl,19700,Hatchback
2012,Toyota,Sienna,fl,17900,Minivan
2012,Toyota,Sienna,fl,14800,Minivan
2012,Toyota,Sienna,fl,18500,Minivan
2012,Toyota,Sienna,fl,16500,Minivan
2012,Toyota,Sienna,fl,17900,Minivan
2012,Toyota,Prius,fl,16200,Hatchback
2012,Toyota,Prius,fl,11200,Hatchback
2012,Toyota,Yaris,fl,9900,Hatchback
2012,Subaru,Outback,fl,17400,Hatchback
2012,Toyota,Sienna,fl,24900,Minivan
2012,Volkswagen,Routan,fl,19800,Minivan
2012,Chevrolet,Volt,fl,17000,Hatchback
2012,Chrysler,Town and Country,fl,14800,Minivan
2012,Ford,Focus,fl,11600,Hatchback
2012,Honda,Fit,fl,12200,Hatchback
2012,Honda,Crosstour,fl,20800,Hatchback
2012,Honda,Odyssey,wa,28400,Minivan
2012,Hyundai,Accent,fl,10900,Hatchback
2012,Kia,Soul,fl,11400,Hatchback
2012,Kia,Soul,fl,9100,Hatchback
2012,MINI,Cooper,wa,16000,Hatchback
2012,Mazda,Mazda2,fl,8400,Hatchback
2012,Mercedes-Benz,E-Class,fl,30200,Convertible
2012,BMW,3 Series,fl,26600,Convertible
2012,BMW,6 Series,fl,42600,Convertible
2012,BMW,6 Series,fl,44000,Convertible
2012,BMW,M3,fl,42000,Convertible
2012,BMW,Z4,fl,31525,Convertible
2012,Chevrolet,Express Cargo,fl,8700,Minivan
2012,Chevrolet,Express Cargo,fl,8500,Minivan
2012,FIAT,500,fl,6000,Convertible
2012,Audi,A3,fl,9800,Hatchback
2012,BMW,6 Series,fl,48500,Convertible
2012,BMW,M3,fl,36000,Convertible
2012,Chevrolet,Camaro,fl,23000,Convertible
2012,FIAT,500,fl,7500,Hatchback
2012,FIAT,500,fl,9800,Convertible
2012,Dodge,Grand Caravan,fl,9500,Minivan
2012,FIAT,500,fl,9400,Convertible
2012,Ford,Focus,fl,10400,Hatchback
2012,Ford,Focus,fl,8800,Hatchback
2012,Ford,Focus,fl,9900,Hatchback
2012,Ford,Focus,fl,12200,Hatchback
2012,Ford,Focus,fl,9700,Hatchback
2012,Ford,Mustang,fl,15100,Convertible
2012,Honda,Odyssey,fl,23200,Minivan
2012,Hyundai,Veloster,fl,12800,Hatchback
2012,Hyundai,Veloster,fl,12100,Hatchback
2012,Hyundai,Veloster,fl,14400,Hatchback
2012,Kia,Soul,fl,8400,Hatchback
2012,Kia,Soul,fl,10500,Hatchback
2012,Kia,Soul,fl,9200,Hatchback
2012,Lexus,CT 200h,fl,21900,Hatchback
2012,Lexus,CT 200h,fl,21600,Hatchback
2012,Lexus,CT 200h,fl,19400,Hatchback
2012,Kia,Soul,fl,12200,Hatchback
2012,Lexus,IS 250 C,fl,29100,Convertible
2012,Lexus,CT 200h,fl,19700,Hatchback
2012,Lexus,IS 250 C,fl,22200,Convertible
2012,Lexus,CT 200h,fl,18800,Hatchback
2012,Lexus,CT 200h,fl,18500,Hatchback
2012,Kia,Soul,fl,10200,Hatchback
2012,Mazda,Mazda3,wa,15200,Hatchback
2012,Nissan,Leaf,fl,11600,Hatchback
2012,Nissan,Leaf,fl,10800,Hatchback
2012,Nissan,Leaf,fl,12800,Hatchback
2012,Nissan,Leaf,fl,11400,Hatchback
2012,Nissan,Leaf,fl,10400,Hatchback
2012,Scion,tC,fl,11200,Hatchback
2012,Toyota,Sienna,fl,18500,Minivan
2012,Toyota,Prius v,fl,18500,Hatchback
2012,Kia,Soul,fl,9700,Hatchback
2012,Mercedes-Benz,E-Class,fl,34400,Convertible
2012,Nissan,Versa,fl,3000,Hatchback
2012,Subaru,Outback,fl,20800,Hatchback
2012,Scion,tC,fl,13000,Hatchback
2012,Subaru,Outback,fl,21600,Hatchback
2012,Scion,tC,fl,12100,Hatchback
2012,Scion,xD,fl,12900,Hatchback
2012,Scion,xB,fl,11600,Hatchback
2012,Toyota,Prius v,fl,9000,Hatchback
2012,BMW,6 Series,fl,47600,Convertible
2012,BMW,Z4,fl,27600,Convertible
2012,Chevrolet,Camaro,fl,20600,Convertible
2012,Chrysler,Town and Country,fl,11400,Minivan
2012,Dodge,Grand Caravan,fl,6800,Minivan
2012,Dodge,Grand Caravan,fl,13100,Minivan
2012,Dodge,Grand Caravan,wa,11000,Minivan
2012,Toyota,Sienna,fl,16600,Minivan
2012,BMW,1 Series,fl,23200,Convertible
2012,BMW,6 Series,fl,46300,Convertible
2012,Chevrolet,Express Cargo,fl,11200,Minivan
2012,Chevrolet,Express Cargo,fl,7500,Minivan
2012,Chevrolet,Express Cargo,fl,7600,Minivan
2012,Chevrolet,Express Cargo,fl,7700,Minivan
2012,Chevrolet,Sonic,fl,8300,Hatchback
2012,Chevrolet,Sonic,fl,9500,Hatchback
2012,Dodge,Grand Caravan,fl,7800,Minivan
2012,Dodge,Grand Caravan,fl,7600,Minivan
2012,Dodge,Grand Caravan,fl,10000,Minivan
2012,Dodge,Grand Caravan,fl,7500,Minivan
2012,Dodge,Grand Caravan,fl,9200,Minivan
2012,Dodge,Grand Caravan,fl,10600,Minivan
2012,Dodge,Grand Caravan,fl,10700,Minivan
2012,Dodge,Grand Caravan,fl,8400,Minivan
2012,Ford,E-Series Wagon,fl,19400,Minivan
2012,Ford,Focus,fl,6000,Hatchback
2012,Ford,Focus,wa,10500,Hatchback
2012,Ford,Mustang,fl,12600,Convertible
2012,Honda,Odyssey,fl,27000,Minivan
2012,Jaguar,XK,fl,45300,Convertible
2012,Kia,Soul,fl,10100,Hatchback
2012,Lincoln,MKT,fl,24700,Hatchback
2012,MINI,Cooper Countryman,fl,22000,Hatchback
2012,MINI,Cooper Countryman,fl,20600,Hatchback
2012,Mazda,Mazda2,fl,5400,Hatchback
2012,MINI,Cooper Countryman,fl,20400,Hatchback
2012,MINI,Cooper Countryman,wa,17300,Hatchback
2012,Nissan,Juke,fl,10500,Hatchback
2012,Nissan,Versa,fl,9100,Hatchback
2012,Subaru,Impreza,fl,12500,Hatchback
2012,Scion,tC,wa,11500,Hatchback
2012,Toyota,Sienna,fl,13000,Minivan
2012,Volkswagen,Eos,fl,11700,Convertible
2012,Volkswagen,Routan,fl,12700,Minivan
2012,Dodge,Grand Caravan,fl,8500,Minivan
2012,Kia,Soul,fl,7600,Hatchback
2012,Kia,Soul,fl,5600,Hatchback
2012,MINI,Cooper Clubman,fl,13000,Hatchback
2012,Nissan,Quest,fl,12200,Minivan
2012,BMW,3 Series,fl,25500,Convertible
2012,Chrysler,Town and Country,fl,20100,Minivan
2012,FIAT,500,fl,14000,Convertible
2012,Dodge,Grand Caravan,fl,7900,Minivan
2012,Honda,Odyssey,fl,25400,Minivan
2012,Honda,Odyssey,fl,23800,Minivan
2012,Kia,Soul,fl,9300,Hatchback
2012,Kia,Soul,fl,11600,Hatchback
2012,MINI,Cooper Countryman,fl,21000,Hatchback
2012,Subaru,Impreza,fl,11600,Hatchback
2012,Volvo,C70,fl,28400,Convertible
2012,FIAT,500,fl,7100,Hatchback
2012,Hyundai,Veloster,fl,10800,Hatchback
2012,BMW,3 Series,fl,26000,Convertible
2012,Dodge,Grand Caravan,wa,9200,Minivan
2012,FIAT,500,fl,5800,Hatchback
2012,Ford,Focus,wa,13300,Hatchback
2012,Ford,Focus,fl,10500,Hatchback
2012,Lexus,CT 200h,fl,20800,Hatchback
2012,Lexus,IS 350 C,fl,27900,Convertible
2012,Lexus,CT 200h,fl,17400,Hatchback
2012,MINI,Cooper,fl,13200,Hatchback
2012,MINI,Cooper,fl,12400,Hatchback
2012,MINI,Cooper,fl,13000,Hatchback
2012,MINI,Cooper,fl,17000,Convertible
2012,MINI,Cooper,fl,15900,Hatchback
2012,MINI,Cooper Countryman,fl,18000,Hatchback
2012,MINI,Cooper,fl,11800,Hatchback
2012,MINI,Cooper,fl,12600,Hatchback
2012,Nissan,Leaf,wa,11400,Hatchback
2012,Nissan,Versa,fl,7100,Hatchback
2012,Nissan,Versa,fl,7800,Hatchback
2012,Scion,tC,fl,12950,Hatchback
2012,Scion,tC,fl,11500,Hatchback
2012,Scion,xD,fl,10000,Hatchback
2012,Scion,xB,fl,10950,Hatchback
2012,Toyota,Prius c,fl,11200,Hatchback
2012,Toyota,Sienna,fl,22100,Minivan
2012,Toyota,Prius,wa,12900,Hatchback
2012,Toyota,Sienna,fl,15850,Minivan
2012,Toyota,Prius,fl,15200,Hatchback
2012,Toyota,Prius,fl,14000,Hatchback
2012,Toyota,Sienna,fl,22000,Minivan
2012,Toyota,Prius,fl,14800,Hatchback
2012,Toyota,Prius,fl,16600,Hatchback
2012,Audi,A4,fl,24000,Hatchback
2012,Chevrolet,Volt,fl,13800,Hatchback
2012,Dodge,Grand Caravan,fl,10300,Minivan
2012,Dodge,Grand Caravan,fl,8200,Minivan
2012,Ford,E-Series Wagon,fl,15000,Minivan
2012,Ford,Focus,fl,11300,Hatchback
2012,Ford,Focus,fl,9900,Hatchback
2012,Ford,Focus,fl,9500,Hatchback
2012,Ford,Flex,fl,21800,Hatchback
2012,Ford,Flex,fl,21800,Hatchback
2012,Ford,Focus,fl,13000,Hatchback
2012,Ford,Focus,fl,11700,Hatchback
2012,Honda,Odyssey,fl,21500,Minivan
2012,Honda,Odyssey,fl,22800,Minivan
2012,Honda,Crosstour,fl,15800,Hatchback
2012,Honda,Crosstour,fl,21200,Hatchback
2012,Hyundai,Veloster,fl,12500,Hatchback
2012,Hyundai,Veloster,fl,11200,Hatchback
2012,Lexus,CT 200h,fl,19600,Hatchback
2012,MINI,Cooper Coupe,fl,20000,Hatchback
2012,Mazda,Mazda5,fl,15100,Minivan
2012,Nissan,Juke,fl,18900,Hatchback
2012,Subaru,Outback,fl,12600,Hatchback
2012,Subaru,Impreza,fl,14000,Hatchback
2012,Volkswagen,Jetta SportWagen,fl,18100,Hatchback
2012,Volkswagen,Eos,fl,15000,Convertible
2012,Volkswagen,Eos,fl,17600,Convertible
2012,BMW,1 Series,fl,21800,Convertible
2012,Chevrolet,Sonic,fl,6900,Hatchback
2012,Chevrolet,Sonic,fl,7300,Hatchback
2012,Dodge,Grand Caravan,fl,11200,Minivan
2012,Dodge,Grand Caravan,fl,10600,Minivan
2012,Dodge,Grand Caravan,fl,9200,Minivan
2012,Ford,Transit Connect,fl,7550,Minivan
2012,Honda,CR-Z,fl,11200,Hatchback
2012,Hyundai,Veloster,fl,8800,Hatchback
2012,Kia,Rio,fl,7300,Hatchback
2012,Kia,Soul,fl,12600,Hatchback
2012,Kia,Soul,fl,6700,Hatchback
2012,Mazda,Mazda3,fl,11800,Hatchback
2012,Mazda,Mazda3,fl,12800,Hatchback
2012,Mazda,Mazda2,fl,7800,Hatchback
2012,Nissan,Versa,fl,6500,Hatchback
2012,Scion,xB,wa,11700,Hatchback
2012,Chevrolet,Camaro,fl,15400,Convertible
2012,Dodge,Grand Caravan,fl,10400,Minivan
2012,Lexus,CT 200h,fl,19900,Hatchback
2012,MINI,Cooper Countryman,fl,16200,Hatchback
2012,Volkswagen,Golf,fl,12600,Hatchback
2012,Mercedes-Benz,SLK-Class,fl,35000,Convertible
2012,Scion,xD,wa,13000,Hatchback
2012,Chrysler,200,fl,16200,Convertible
2012,Honda,Fit,fl,8500,Hatchback
2012,Hyundai,Elantra Touring,fl,7000,Hatchback
2012,Mazda,Mazda2,fl,3200,Hatchback
2012,Nissan,Versa,fl,7100,Hatchback
2012,Nissan,Versa,fl,9600,Hatchback
2012,Nissan,Versa,fl,8300,Hatchback
2012,Volkswagen,Eos,fl,16600,Convertible
2012,Volkswagen,Eos,fl,19600,Convertible
2012,Volkswagen,Beetle,fl,14800,Hatchback
2012,Volkswagen,Beetle,fl,11400,Hatchback
2012,Volkswagen,Beetle,fl,15400,Hatchback
2012,Volkswagen,GTI,fl,17200,Hatchback
2012,Volkswagen,Beetle,fl,11400,Hatchback
2012,Volkswagen,GTI,fl,10800,Hatchback
2012,Volkswagen,Routan,fl,14000,Minivan
2012,BMW,3 Series,wa,33750,Convertible
2012,BMW,3 Series,wa,40250,Convertible
2012,BMW,6 Series,wa,49000,Convertible
2012,Ford,Fiesta,fl,8000,Hatchback
2012,Ford,Focus,fl,10300,Hatchback
2012,Honda,Odyssey,fl,24800,Minivan
2012,Honda,Odyssey,fl,17600,Minivan
2012,Hyundai,Elantra Touring,wa,12900,Hatchback
2012,Honda,Odyssey,fl,22600,Minivan
2012,Infiniti,G Convertible,wa,28250,Convertible
2012,MINI,Cooper Clubman,fl,16800,Hatchback
2012,MINI,Cooper Clubman,wa,17700,Hatchback
2012,MINI,Cooper,wa,14000,Hatchback
2012,MINI,Cooper,wa,13700,Hatchback
2012,MINI,Cooper,wa,16600,Hatchback
2012,MINI,Cooper,wa,14900,Hatchback
2012,Nissan,Leaf,wa,11300,Hatchback
2012,Nissan,Leaf,wa,12000,Hatchback
2012,Nissan,Leaf,wa,11300,Hatchback
2012,Nissan,Leaf,wa,11600,Hatchback
2012,Nissan,Leaf,wa,10700,Hatchback
2012,Nissan,Leaf,wa,11000,Hatchback
2012,Nissan,Leaf,wa,10800,Hatchback
2012,Nissan,Leaf,wa,11400,Hatchback
2012,Nissan,Leaf,wa,11700,Hatchback
2012,Nissan,Quest,fl,11200,Minivan
2012,Nissan,Leaf,wa,12100,Hatchback
2012,Nissan,Leaf,wa,11400,Hatchback
2012,Nissan,Leaf,wa,11400,Hatchback
2012,Nissan,Leaf,wa,10500,Hatchback
2012,Nissan,Leaf,wa,11100,Hatchback
2012,Nissan,Leaf,wa,11000,Hatchback
2012,Nissan,Leaf,wa,11100,Hatchback
2012,Nissan,Leaf,wa,11400,Hatchback
2012,Nissan,Leaf,wa,11600,Hatchback
2012,Nissan,Leaf,wa,10700,Hatchback
2012,Nissan,Leaf,wa,12200,Hatchback
2012,Nissan,Leaf,wa,11400,Hatchback
2012,Nissan,Leaf,wa,11000,Hatchback
2012,Nissan,Leaf,wa,10800,Hatchback
2012,Nissan,Leaf,wa,10700,Hatchback
2012,Nissan,Leaf,wa,11100,Hatchback
2012,Nissan,Leaf,wa,12200,Hatchback
2012,Nissan,Leaf,wa,12000,Hatchback
2012,Nissan,Leaf,wa,11000,Hatchback
2012,Nissan,Leaf,wa,10500,Hatchback
2012,Nissan,Leaf,wa,11100,Hatchback
2012,Nissan,Leaf,wa,11100,Hatchback
2012,Nissan,Leaf,wa,11600,Hatchback
2012,Nissan,Leaf,wa,12500,Hatchback
2012,Nissan,Leaf,wa,11700,Hatchback
2012,Nissan,Leaf,wa,11600,Hatchback
2012,Nissan,Leaf,wa,11800,Hatchback
2012,Nissan,Leaf,wa,11000,Hatchback
2012,Nissan,Leaf,wa,12400,Hatchback
2012,Nissan,Leaf,wa,11900,Hatchback
2012,Nissan,Leaf,wa,11200,Hatchback
2012,Nissan,Leaf,wa,10800,Hatchback
2012,Nissan,Leaf,wa,11400,Hatchback
2012,Nissan,Leaf,wa,11300,Hatchback
2012,Nissan,Leaf,wa,10800,Hatchback
2012,Nissan,Leaf,wa,11900,Hatchback
2012,Nissan,Leaf,wa,11400,Hatchback
2012,Nissan,Leaf,wa,12300,Hatchback
2012,Nissan,Leaf,wa,11500,Hatchback
2012,Nissan,Leaf,wa,10500,Hatchback
2012,Nissan,Leaf,wa,10800,Hatchback
2012,Nissan,Leaf,wa,11300,Hatchback
2012,Toyota,Prius,fl,10700,Hatchback
2012,Toyota,Yaris,fl,8700,Hatchback
2012,Toyota,Prius,fl,11100,Hatchback
2012,MINI,Cooper,fl,12400,Hatchback
2012,MINI,Cooper Clubman,fl,14500,Hatchback
2012,Nissan,Quest,fl,17400,Minivan
2012,Volkswagen,Beetle,fl,13800,Hatchback
2012,Volkswagen,Golf,fl,15000,Hatchback
2012,Volkswagen,GTI,fl,16200,Hatchback
2012,Volkswagen,GTI,fl,14400,Hatchback
2012,Ford,Focus,fl,10500,Hatchback
2012,Hyundai,Elantra Touring,fl,9100,Hatchback
2012,Hyundai,Veloster,fl,14700,Hatchback
2012,Kia,Forte,fl,10200,Hatchback
2012,Kia,Sedona,fl,9700,Minivan
2012,Kia,Rio,fl,11100,Hatchback
2012,Lexus,CT 200h,fl,22400,Hatchback
2012,Lexus,CT 200h,fl,20400,Hatchback
2012,Lexus,IS 250 C,fl,26200,Convertible
2012,Lexus,IS 250 C,fl,29600,Convertible
2012,Lexus,CT 200h,fl,18400,Hatchback
2012,Lexus,CT 200h,fl,19800,Hatchback
2012,Lexus,CT 200h,fl,18800,Hatchback
2012,Lexus,IS 250 C,fl,26300,Convertible
2012,Lexus,IS 250 C,fl,26500,Convertible
2012,Mazda,Mazdaspeed 3,fl,17800,Hatchback
2012,Mazda,Mazda5,fl,10500,Minivan
2012,Mazda,Mazda3,fl,14800,Hatchback
2012,Mercedes-Benz,SLK-Class,fl,29000,Convertible
2012,Nissan,NV,wa,17200,Minivan
2012,Scion,tC,fl,11600,Hatchback
2012,Scion,xB,fl,12100,Hatchback
2012,Ram,C/V Cargo Van,fl,10800,Minivan
2012,Toyota,Prius,fl,15500,Hatchback
2012,Toyota,Sienna,fl,19900,Minivan
2012,Toyota,Sienna,fl,19200,Minivan
2012,Toyota,Sienna,fl,15300,Minivan
2012,Toyota,Sienna,fl,17450,Minivan
2012,Volkswagen,Beetle,wa,12900,Hatchback
2012,Volkswagen,Golf,fl,11400,Hatchback
2012,Toyota,Sienna,fl,17200,Minivan
2012,Volkswagen,Beetle,wa,14400,Hatchback
2012,Toyota,Sienna,fl,20800,Minivan
2012,Volkswagen,Beetle,wa,10800,Hatchback
2012,Audi,A3,fl,14500,Hatchback
2012,Audi,A4,wa,24400,Hatchback
2012,Chevrolet,Express Cargo,fl,9700,Minivan
2012,Dodge,Grand Caravan,fl,11000,Minivan
2012,Dodge,Grand Caravan,fl,11000,Minivan
2012,Dodge,Grand Caravan,fl,8900,Minivan
2012,Ford,Flex,fl,13400,Hatchback
2012,Ford,Mustang,fl,10700,Convertible
2012,Honda,Fit,fl,10800,Hatchback
2012,Honda,Odyssey,fl,21300,Minivan
2012,Kia,Sedona,fl,13600,Minivan
2012,Toyota,Prius,fl,11000,Hatchback
2012,Chrysler,Town and Country,fl,15800,Minivan
2012,Dodge,Grand Caravan,fl,8200,Minivan
2012,Dodge,Grand Caravan,fl,12300,Minivan
2012,Dodge,Grand Caravan,fl,12400,Minivan
2012,Dodge,Grand Caravan,fl,11000,Minivan
2012,FIAT,500,fl,8900,Hatchback
2012,Dodge,Grand Caravan,fl,10500,Minivan
2012,Volkswagen,Golf,fl,12800,Hatchback
2012,Volkswagen,Jetta SportWagen,fl,15000,Hatchback
2012,Dodge,Grand Caravan,fl,11800,Minivan
2012,Dodge,Grand Caravan,wa,10700,Minivan
2012,Hyundai,Accent,fl,8900,Hatchback
2012,Hyundai,Veloster,fl,13700,Hatchback
2012,Kia,Sedona,fl,10100,Minivan
2012,Kia,Sedona,fl,10000,Minivan
2012,Kia,Sedona,fl,10200,Minivan
2012,Nissan,Quest,fl,10000,Minivan
2012,Nissan,Quest,fl,12000,Minivan
2012,Toyota,Sienna,fl,16200,Minivan
2012,Toyota,Prius,fl,12200,Hatchback
2012,Chevrolet,Volt,fl,8000,Hatchback
2012,Chevrolet,Volt,fl,8300,Hatchback
2012,MINI,Cooper Countryman,fl,14700,Hatchback
2012,Volkswagen,GTI,wa,13900,Hatchback
2012,Volkswagen,Routan,wa,20600,Minivan
2012,Dodge,Grand Caravan,fl,11900,Minivan
2012,FIAT,500,fl,7000,Hatchback
2012,Toyota,Sienna,fl,17100,Minivan
2012,Toyota,Sienna,fl,12600,Minivan
2012,Mercedes-Benz,SLK-Class,fl,35500,Convertible
2012,Toyota,Prius v,fl,16300,Hatchback
2012,BMW,Z4,fl,37600,Convertible
2012,MINI,Cooper,fl,16200,Convertible
2012,MINI,Cooper,fl,14300,Hatchback
2012,Mercedes-Benz,R-Class,fl,27100,Hatchback
2012,Dodge,Grand Caravan,fl,11800,Minivan
2012,Ford,Transit Connect,fl,14800,Minivan
2012,Honda,Odyssey,fl,24400,Minivan
2012,Kia,Soul,fl,9800,Hatchback
2012,Volkswagen,Beetle,fl,14400,Hatchback
2012,Volkswagen,Beetle,fl,13300,Hatchback
2012,Chevrolet,Sonic,fl,7900,Hatchback
2012,Honda,Fit,fl,9100,Hatchback
2012,Mazda,Mazda3,fl,13650,Hatchback
2012,MINI,Cooper Countryman,fl,20500,Hatchback
2012,BMW,3 Series,fl,40100,Convertible
2012,Honda,Odyssey,fl,24400,Minivan
2012,Chrysler,Town and Country,fl,12500,Minivan
2012,Chevrolet,Volt,fl,12500,Hatchback
2012,Chrysler,Town and Country,fl,11900,Minivan
2012,Chrysler,Town and Country,fl,12300,Minivan
2012,Dodge,Grand Caravan,fl,9700,Minivan
2012,Dodge,Grand Caravan,fl,11900,Minivan
2012,Dodge,Grand Caravan,fl,9800,Minivan
2012,Dodge,Grand Caravan,fl,9600,Minivan
2012,Dodge,Grand Caravan,fl,10000,Minivan
2012,Dodge,Grand Caravan,fl,10100,Minivan
2012,Dodge,Grand Caravan,fl,10200,Minivan
2012,Dodge,Grand Caravan,fl,10700,Minivan
2012,Dodge,Grand Caravan,fl,8200,Minivan
2012,Dodge,Grand Caravan,fl,10100,Minivan
2012,Ford,Flex,fl,16800,Hatchback
2012,Honda,Odyssey,fl,19800,Minivan
2012,Kia,Sedona,fl,10400,Minivan
2012,Kia,Sedona,fl,10500,Minivan
2012,Kia,Soul,fl,7900,Hatchback
2012,Kia,Soul,fl,7700,Hatchback
2012,Kia,Sedona,fl,10000,Minivan
2012,Kia,Sedona,fl,10200,Minivan
2012,Mazda,Mazda5,fl,9000,Minivan
2012,Nissan,Versa,fl,6900,Hatchback
2012,Scion,xB,fl,11000,Hatchback
2012,Scion,iQ,wa,9500,Hatchback
2012,Toyota,Yaris,wa,8400,Hatchback
2012,BMW,3 Series,fl,26500,Convertible
2012,BMW,6 Series,fl,44600,Convertible
2012,Chrysler,Town and Country,fl,14400,Minivan
2012,Dodge,Grand Caravan,fl,11700,Minivan
2012,Dodge,Grand Caravan,fl,8400,Minivan
2012,Chrysler,Town and Country,fl,22500,Minivan
2012,Chrysler,Town and Country,fl,19700,Minivan
2012,Dodge,Grand Caravan,fl,10800,Minivan
2012,FIAT,500,fl,12100,Convertible
2012,Ford,Focus,fl,11000,Hatchback
2012,Ford,Focus,fl,9500,Hatchback
2012,Ford,Focus,fl,11000,Hatchback
2012,Ford,Focus,fl,12700,Hatchback
2012,Honda,Odyssey,fl,21900,Minivan
2012,Honda,Odyssey,fl,23800,Minivan
2012,Honda,Odyssey,fl,19700,Minivan
2012,Hyundai,Veloster,fl,12100,Hatchback
2012,Hyundai,Veloster,fl,12100,Hatchback
2012,Hyundai,Veloster,fl,12600,Hatchback
2012,Kia,Soul,fl,10800,Hatchback
2012,Lexus,CT 200h,fl,21200,Hatchback
2012,MINI,Cooper Coupe,fl,18200,Hatchback
2012,Nissan,Versa,fl,7900,Hatchback
2012,BMW,1 Series,fl,21200,Convertible
2012,BMW,3 Series,fl,24500,Convertible
2012,Chevrolet,Express Cargo,fl,10800,Minivan
2012,Dodge,Grand Caravan,fl,10400,Minivan
2012,Dodge,Grand Caravan,fl,10000,Minivan
2012,Dodge,Grand Caravan,fl,9900,Minivan
2012,Dodge,Grand Caravan,fl,10200,Minivan
2012,Dodge,Grand Caravan,fl,10501,Minivan
2012,Dodge,Grand Caravan,fl,10000,Minivan
2012,Dodge,Grand Caravan,fl,10400,Minivan
2012,Ford,Focus,fl,9800,Hatchback
2012,Lexus,CT 200h,fl,19000,Hatchback
2012,MINI,Cooper,fl,8900,Hatchback
2012,Nissan,Cube,fl,9000,Hatchback
2012,Scion,xD,fl,11500,Hatchback
2012,Scion,xD,fl,12200,Hatchback
2012,Toyota,Prius,fl,15400,Hatchback
2012,Toyota,Sienna,fl,17800,Minivan
2012,Toyota,Sienna,fl,24600,Minivan
2012,Toyota,Sienna,fl,24000,Minivan
2012,Toyota,Yaris,fl,9400,Hatchback
2012,Ford,Focus,fl,12700,Hatchback
2012,Ford,Focus,fl,8700,Hatchback
2012,Infiniti,G Convertible,fl,26600,Convertible
2012,Infiniti,G Convertible,fl,25400,Convertible
2012,Infiniti,G Convertible,fl,26400,Convertible
2012,Lexus,CT 200h,fl,18000,Hatchback
2012,Lexus,CT 200h,fl,18300,Hatchback
2012,Lexus,CT 200h,fl,21600,Hatchback
2012,Lexus,CT 200h,fl,18900,Hatchback
2012,Lincoln,MKT,fl,25600,Hatchback
2012,Lexus,IS 250 C,fl,29100,Convertible
2012,Lexus,IS 250 C,fl,28500,Convertible
2012,Lexus,IS 350 C,fl,29600,Convertible
2012,Mazda,Mazda2,fl,4400,Hatchback
2012,Nissan,Leaf,fl,11800,Hatchback
2012,Nissan,Leaf,fl,9900,Hatchback
2012,Nissan,Leaf,fl,11000,Hatchback
2012,Nissan,Leaf,fl,11200,Hatchback
2012,Nissan,Leaf,fl,11000,Hatchback
2012,Nissan,Leaf,fl,10600,Hatchback
2012,Scion,xD,fl,9100,Hatchback
2012,Scion,iQ,fl,9000,Hatchback
2012,Scion,tC,fl,13600,Hatchback
2012,Scion,tC,fl,10600,Hatchback
2012,Scion,tC,fl,13500,Hatchback
2012,Scion,tC,fl,13000,Hatchback
2012,Scion,tC,fl,10000,Hatchback
2012,Toyota,Sienna,fl,17100,Minivan
2012,Toyota,Sienna,fl,19500,Minivan
2012,Toyota,Sienna,fl,14800,Minivan
2012,Toyota,Prius,fl,13800,Hatchback
2012,Toyota,Sienna,fl,20500,Minivan
2012,Toyota,Sienna,fl,15950,Minivan
2012,Toyota,Sienna,fl,23000,Minivan
2012,Toyota,Yaris,fl,10300,Hatchback
2012,Toyota,Sienna,fl,22000,Minivan
2012,Chevrolet,Volt,fl,8400,Hatchback
2012,Chrysler,200,fl,9000,Convertible
2012,Chrysler,Town and Country,fl,19200,Minivan
2012,Dodge,Grand Caravan,fl,8800,Minivan
2012,Dodge,Grand Caravan,fl,6200,Minivan
2012,Kia,Soul,fl,8700,Hatchback
2012,Nissan,Leaf,fl,11800,Hatchback
2012,Nissan,Leaf,fl,11200,Hatchback
2012,Scion,tC,fl,14300,Hatchback
2012,Toyota,Prius c,fl,10100,Hatchback
2012,Audi,A3,fl,16400,Hatchback
2012,Audi,A3,wa,19700,Hatchback
2012,Chrysler,Town and Country,fl,11900,Minivan
2012,Chevrolet,Volt,wa,12400,Hatchback
2012,Dodge,Grand Caravan,wa,9600,Minivan
2012,FIAT,500,wa,8200,Hatchback
2012,Dodge,Grand Caravan,fl,8800,Minivan
2012,Ford,Fiesta,fl,7400,Hatchback
2012,Ford,Focus,fl,11100,Hatchback
2012,Ford,Focus,fl,8800,Hatchback
2012,Ford,Focus,wa,11600,Hatchback
2012,Ford,Mustang,fl,13300,Convertible
2012,Kia,Sedona,fl,9900,Minivan
2012,Kia,Sedona,fl,10000,Minivan
2012,Mercedes-Benz,SLK-Class,fl,32000,Convertible
2012,Nissan,Quest,fl,16000,Minivan
2012,Subaru,Impreza,wa,13500,Hatchback
2012,Scion,xD,fl,9600,Hatchback
2012,Toyota,Prius,fl,13400,Hatchback
2012,Toyota,Sienna,fl,14400,Minivan
2012,Volkswagen,GTI,fl,17800,Hatchback
2012,Toyota,Prius c,fl,9300,Hatchback
2012,FIAT,500,fl,9100,Hatchback
2012,MINI,Cooper Coupe,fl,12900,Hatchback
2012,Dodge,Grand Caravan,fl,8700,Minivan
2012,Dodge,Grand Caravan,fl,8800,Minivan
2012,Dodge,Grand Caravan,fl,8600,Minivan
2012,Honda,Odyssey,fl,22200,Minivan
2012,Kia,Soul,fl,9800,Hatchback
2012,BMW,3 Series,fl,28000,Convertible
2012,BMW,6 Series,fl,41200,Convertible
2012,Chevrolet,Volt,fl,14600,Hatchback
2012,Chrysler,200,fl,11300,Convertible
2012,Chrysler,Town and Country,fl,12500,Minivan
2012,Chrysler,Town and Country,fl,12500,Minivan
2012,Chrysler,Town and Country,fl,11500,Minivan
2012,Chrysler,Town and Country,fl,20400,Minivan
2012,Dodge,Grand Caravan,wa,10400,Minivan
2012,Dodge,Grand Caravan,fl,11700,Minivan
2012,Dodge,Grand Caravan,fl,10100,Minivan
2012,FIAT,500,wa,9000,Hatchback
2012,Ford,Focus,wa,11700,Hatchback
2012,Ford,Transit Connect,fl,13000,Minivan
2012,Honda,Odyssey,fl,22100,Minivan
2012,Honda,Crosstour,fl,20600,Hatchback
2012,Hyundai,Veloster,fl,10300,Hatchback
2012,Hyundai,Veloster,fl,11000,Hatchback
2012,Hyundai,Veloster,fl,11900,Hatchback
2012,Kia,Soul,fl,10000,Hatchback
2012,Kia,Sedona,fl,10700,Minivan
2012,Lexus,CT 200h,fl,18000,Hatchback
2012,Mercedes-Benz,E-Class,fl,35800,Convertible
2012,Mercedes-Benz,Sprinter,fl,27500,Minivan
2012,Nissan,Versa,fl,5800,Hatchback
2012,Scion,tC,fl,12000,Hatchback
2012,Scion,xB,fl,12900,Hatchback
2012,Toyota,Prius,fl,14900,Hatchback
2012,BMW,1 Series,fl,22400,Convertible
2012,BMW,Z4,fl,25600,Convertible
2012,Ford,Focus,fl,14200,Hatchback
2012,Ford,Mustang,fl,16200,Convertible
2012,Honda,Odyssey,fl,23800,Minivan
2012,Nissan,Quest,fl,17500,Minivan
2012,Subaru,Outback,fl,25300,Hatchback
2012,Toyota,Prius c,fl,11800,Hatchback
2012,BMW,1 Series,fl,22600,Convertible
2012,BMW,3 Series,fl,29800,Convertible
2012,BMW,3 Series,fl,29000,Convertible
2012,BMW,3 Series,fl,26950,Convertible
2012,BMW,3 Series,fl,29200,Convertible
2012,BMW,1 Series,fl,23200,Convertible
2012,BMW,1 Series,fl,22200,Convertible
2012,BMW,3 Series,fl,31600,Convertible
2012,BMW,1 Series,fl,23200,Convertible
2012,BMW,3 Series,fl,24000,Convertible
2012,BMW,1 Series,fl,20000,Convertible
2012,BMW,3 Series,fl,33000,Convertible
2012,BMW,3 Series,fl,32800,Convertible
2012,BMW,3 Series,fl,27800,Convertible
2012,BMW,3 Series,fl,33400,Convertible
2012,BMW,3 Series,fl,27800,Convertible
2012,BMW,3 Series,fl,32200,Convertible
2012,BMW,3 Series,fl,36400,Convertible
2012,BMW,3 Series,fl,30200,Convertible
2012,BMW,5 Series Gran Turismo,fl,33800,Hatchback
2012,BMW,3 Series,fl,36600,Convertible
2012,BMW,5 Series Gran Turismo,fl,38200,Hatchback
2012,BMW,6 Series,fl,38200,Convertible
2012,BMW,6 Series,fl,43900,Convertible
2012,BMW,6 Series,fl,50800,Convertible
2012,BMW,6 Series,fl,43200,Convertible
2012,BMW,M3,fl,40600,Convertible
2012,BMW,6 Series,fl,45200,Convertible
2012,BMW,Z4,fl,35000,Convertible
2012,BMW,Z4,fl,35000,Convertible
2012,BMW,Z4,fl,36000,Convertible
2012,Chevrolet,Express Cargo,fl,8800,Minivan
2012,Chevrolet,Express,fl,16100,Minivan
2012,Chevrolet,Express Cargo,wa,6300,Minivan
2012,Chevrolet,Volt,fl,10600,Hatchback
2012,Chrysler,Town and Country,fl,20300,Minivan
2012,Dodge,Grand Caravan,fl,8500,Minivan
2012,Dodge,Grand Caravan,fl,30400,Minivan
2012,Dodge,Grand Caravan,fl,8800,Minivan
2012,Dodge,Grand Caravan,fl,11300,Minivan
2012,FIAT,500,fl,8400,Convertible
2012,Dodge,Grand Caravan,fl,9700,Minivan
2012,Dodge,Grand Caravan,fl,11700,Minivan
2012,Dodge,Grand Caravan,fl,10100,Minivan
2012,Ford,E-Series Wagon,wa,17500,Minivan
2012,Dodge,Grand Caravan,fl,10600,Minivan
2012,Dodge,Grand Caravan,fl,7700,Minivan
2012,Dodge,Grand Caravan,wa,12100,Minivan
2012,Dodge,Grand Caravan,fl,10000,Minivan
2012,Ford,Fiesta,fl,8600,Hatchback
2012,Ford,Focus,fl,8400,Hatchback
2012,Ford,Focus,fl,8900,Hatchback
2012,Ford,Fiesta,fl,7700,Hatchback
2012,Ford,Focus,fl,8400,Hatchback
2012,Ford,Focus,fl,6100,Hatchback
2012,Ford,Focus,fl,9201,Hatchback
2012,Ford,Focus,fl,8800,Hatchback
2012,Ford,Focus,fl,9100,Hatchback
2012,Ford,Mustang,fl,16100,Convertible
2012,Honda,Odyssey,fl,21800,Minivan
2012,Honda,Odyssey,fl,19000,Minivan
2012,Honda,Odyssey,fl,22700,Minivan
2012,Honda,Crosstour,fl,17700,Hatchback
2012,Hyundai,Elantra Touring,fl,9800,Hatchback
2012,Hyundai,Elantra Touring,fl,10800,Hatchback
2012,Hyundai,Veloster,fl,10500,Hatchback
2012,Infiniti,G Convertible,fl,26600,Convertible
2012,Kia,Sedona,fl,10500,Minivan
2012,Kia,Rio,fl,10200,Hatchback
2012,Kia,Sedona,fl,9500,Minivan
2012,Kia,Sedona,fl,10401,Minivan
2012,Kia,Sedona,fl,9900,Minivan
2012,Kia,Sedona,fl,11600,Minivan
2012,Kia,Sedona,fl,11000,Minivan
2012,Kia,Soul,fl,10000,Hatchback
2012,Lexus,CT 200h,fl,20700,Hatchback
2012,Lexus,CT 200h,fl,17800,Hatchback
2012,Lexus,CT 200h,fl,20200,Hatchback
2012,Lexus,CT 200h,fl,19700,Hatchback
2012,Kia,Soul,fl,9900,Hatchback
2012,Lexus,IS 250 C,fl,29000,Convertible
2012,Lexus,CT 200h,fl,18200,Hatchback
2012,Lexus,CT 200h,fl,18300,Hatchback
2012,Lexus,IS 250 C,fl,29400,Convertible
2012,Kia,Soul,fl,10900,Hatchback
2012,Lexus,CT 200h,fl,18300,Hatchback
2012,Kia,Soul,fl,8500,Hatchback
2012,Lexus,CT 200h,fl,19700,Hatchback
2012,Lexus,CT 200h,fl,19200,Hatchback
2012,Lexus,IS 250 C,fl,30500,Convertible
2012,Lexus,CT 200h,fl,17800,Hatchback
2012,Lexus,IS 250 C,fl,28800,Convertible
2012,Lexus,CT 200h,fl,18900,Hatchback
2012,Lexus,CT 200h,fl,18800,Hatchback
2012,Lexus,CT 200h,fl,17300,Hatchback
2012,Kia,Soul,fl,9100,Hatchback
2012,MINI,Cooper,fl,14700,Convertible
2012,Mazda,3,wa,17800,Hatchback
2012,Mazda,Mazda2,fl,8200,Hatchback
2012,MINI,Cooper,fl,10200,Hatchback
2012,Mercedes-Benz,SLK-Class,fl,28000,Convertible
2012,Nissan,Leaf,fl,11200,Hatchback
2012,Nissan,Quest,fl,12100,Minivan
2012,Scion,xB,fl,12300,Hatchback
2012,Scion,tC,fl,11600,Hatchback
2012,Scion,tC,fl,10300,Hatchback
2012,Scion,xB,fl,6600,Hatchback
2012,smart,fortwo,fl,6900,Hatchback
2012,Toyota,Prius c,fl,10200,Hatchback
2012,Toyota,Prius,fl,15600,Hatchback
2012,Toyota,Prius Plug-in,fl,17900,Hatchback
2012,Toyota,Prius,fl,18100,Hatchback
2012,Toyota,Prius,fl,14500,Hatchback
2012,Toyota,Sienna,fl,20200,Minivan
2012,Toyota,Yaris,fl,8500,Hatchback
2012,Toyota,Sienna,fl,21300,Minivan
2012,Toyota,Sienna,fl,14800,Minivan
2012,Toyota,Sienna,fl,19900,Minivan
2012,Volkswagen,GTI,fl,14600,Hatchback
2012,Toyota,Venza,fl,20100,Hatchback
2012,Toyota,Sienna,fl,16500,Minivan
2012,Toyota,Venza,fl,14900,Hatchback
2012,Volkswagen,Golf,fl,12400,Hatchback
2012,Toyota,Venza,fl,19400,Hatchback
2012,Toyota,Venza,fl,19400,Hatchback
2012,Toyota,Sienna,fl,24000,Minivan
2012,Toyota,Sienna,fl,16600,Minivan
2012,Volkswagen,Golf,fl,11800,Hatchback
2012,Volvo,C70,fl,19700,Convertible
2012,BMW,Z4,fl,27800,Convertible
2012,Kia,Soul,fl,10100,Hatchback
2012,MINI,Cooper Countryman,fl,15600,Hatchback
2012,BMW,3 Series,fl,27200,Convertible
2012,BMW,Z4,fl,40200,Convertible
2012,Chevrolet,Corvette,fl,43500,Convertible
2012,Chrysler,200,fl,19800,Convertible
2012,Dodge,Caliber,fl,8500,Hatchback
2012,Chrysler,Town and Country,fl,22500,Minivan
2012,Dodge,Grand Caravan,fl,10600,Minivan
2012,Dodge,Grand Caravan,fl,10000,Minivan
2012,Dodge,Grand Caravan,fl,11700,Minivan
2012,FIAT,500,fl,7600,Convertible
2012,Ford,Flex,fl,23000,Hatchback
2012,Ford,Focus,fl,13000,Hatchback
2012,Honda,Odyssey,fl,23000,Minivan
2012,Honda,Odyssey,fl,22700,Minivan
2012,Hyundai,Accent,fl,9800,Hatchback
2012,Infiniti,G Convertible,fl,26200,Convertible
2012,Kia,Soul,fl,10800,Hatchback
2012,Kia,Soul,fl,9500,Hatchback
2012,Kia,Soul,fl,11400,Hatchback
2012,MINI,Cooper Countryman,fl,18000,Hatchback
2012,Mazda,Mazdaspeed 3,fl,18000,Hatchback
2012,Mazda,Mazda5,fl,13200,Minivan
2012,Nissan,Versa,fl,7300,Hatchback
2012,Scion,iQ,fl,9200,Hatchback
2012,Subaru,Outback,fl,19000,Hatchback
2012,Scion,xB,fl,11100,Hatchback
2012,Toyota,Prius v,fl,18000,Hatchback
2012,Volkswagen,Eos,fl,16300,Convertible
2012,Volkswagen,Jetta SportWagen,fl,15400,Hatchback
2012,Toyota,Sienna,fl,28800,Minivan
2012,Scion,xB,fl,10300,Hatchback
2012,Audi,A5,fl,26200,Convertible
2012,BMW,3 Series,fl,24200,Convertible
2012,BMW,1 Series,fl,22000,Convertible
2012,BMW,6 Series,fl,45000,Convertible
2012,Chevrolet,Express Cargo,fl,9300,Minivan
2012,Chevrolet,Volt,fl,9300,Hatchback
2012,Chevrolet,Volt,fl,12700,Hatchback
2012,Chevrolet,Volt,wa,12600,Hatchback
2012,Dodge,Caliber,fl,8000,Hatchback
2012,Chrysler,Town and Country,fl,12400,Minivan
2012,Dodge,Grand Caravan,fl,10400,Minivan
2012,Dodge,Grand Caravan,fl,8000,Minivan
2012,Dodge,Grand Caravan,fl,7000,Minivan
2012,Dodge,Grand Caravan,fl,6800,Minivan
2012,Dodge,Grand Caravan,fl,10300,Minivan
2012,FIAT,500,fl,8300,Hatchback
2012,Ford,Fiesta,fl,7400,Hatchback
2012,Ford,Focus,fl,8700,Hatchback
2012,Honda,Odyssey,fl,27600,Minivan
2012,Honda,Odyssey,fl,20600,Minivan
2012,Honda,Odyssey,fl,20100,Minivan
2012,Honda,Odyssey,fl,23200,Minivan
2012,Kia,Sedona,fl,10400,Minivan
2012,Kia,Sedona,fl,9500,Minivan
2012,Kia,Sedona,fl,9400,Minivan
2012,Kia,Sedona,fl,10800,Minivan
2012,Lexus,CT 200h,fl,13000,Hatchback
2012,Lexus,CT 200h,fl,19000,Hatchback
2012,Mazda,Mazda5,fl,13000,Minivan
2012,Nissan,Quest,fl,12600,Minivan
2012,Subaru,Impreza,fl,17200,Hatchback
2012,Toyota,Prius c,wa,11000,Hatchback
2012,Toyota,Prius c,fl,11350,Hatchback
2012,Volkswagen,Golf,fl,9400,Hatchback
2012,BMW,3 Series,fl,28800,Convertible
2012,BMW,Z4,fl,33400,Convertible
2012,Chrysler,Town and Country,fl,10500,Minivan
2012,Chevrolet,Volt,fl,11400,Hatchback
2012,Dodge,Grand Caravan,fl,11500,Minivan
2012,Dodge,Grand Caravan,fl,8800,Minivan
2012,Dodge,Grand Caravan,fl,13700,Minivan
2012,Dodge,Grand Caravan,fl,11200,Minivan
2012,Ford,Focus,fl,13500,Hatchback
2012,Honda,Odyssey,fl,24000,Minivan
2012,Hyundai,Elantra Touring,fl,12100,Hatchback
2012,Hyundai,Veloster,fl,13600,Hatchback
2012,Kia,Rio,fl,8300,Hatchback
2012,Kia,Sedona,fl,11400,Minivan
2012,Kia,Soul,fl,11300,Hatchback
2012,Kia,Soul,fl,12300,Hatchback
2012,MINI,Cooper,fl,16400,Hatchback
2012,MINI,Cooper Clubman,fl,14000,Hatchback
2012,MINI,Cooper Coupe,fl,15400,Hatchback
2012,MINI,Cooper,fl,13800,Hatchback
2012,MINI,Cooper Countryman,fl,18600,Hatchback
2012,MINI,Cooper,fl,15400,Hatchback
2012,MINI,Cooper,fl,17600,Hatchback
2012,MINI,Cooper,fl,14000,Hatchback
2012,MINI,Cooper,fl,19000,Convertible
2012,MINI,Cooper,fl,17200,Hatchback
2012,MINI,Cooper,fl,15400,Hatchback
2012,MINI,Cooper Countryman,fl,22400,Hatchback
2012,MINI,Cooper,fl,14000,Hatchback
2012,MINI,Cooper,fl,16200,Hatchback
2012,MINI,Cooper,fl,13800,Hatchback
2012,MINI,Cooper,fl,13600,Hatchback
2012,MINI,Cooper,fl,13400,Hatchback
2012,MINI,Cooper,fl,14400,Hatchback
2012,MINI,Cooper Clubman,fl,13600,Hatchback
2012,Scion,tC,fl,14100,Hatchback
2012,Toyota,Venza,fl,17800,Hatchback
2012,Toyota,Sienna,fl,12500,Minivan
2012,Volkswagen,GTI,fl,14500,Hatchback
2012,BMW,6 Series,fl,36200,Convertible
2012,Dodge,Grand Caravan,fl,8600,Minivan
2012,Lexus,CT 200h,fl,22000,Hatchback
2012,Kia,Soul,fl,9300,Hatchback
2012,Lexus,IS 250 C,fl,28700,Convertible
2012,Scion,tC,fl,12500,Hatchback
2012,Toyota,Prius,fl,16000,Hatchback
2012,Toyota,Prius v,fl,18100,Hatchback
2012,Toyota,Prius,fl,14900,Hatchback
2012,Toyota,Sienna,fl,28100,Minivan
2012,Toyota,Sienna,fl,26800,Minivan
2012,Toyota,Sienna,fl,17500,Minivan
2012,Toyota,Sienna,fl,20700,Minivan
2012,Toyota,Sienna,fl,19000,Minivan
2012,Toyota,Sienna,fl,18600,Minivan
2012,Chrysler,200,fl,11500,Convertible
2012,Chevrolet,Volt,fl,11200,Hatchback
2012,Dodge,Grand Caravan,fl,9200,Minivan
2012,Dodge,Grand Caravan,fl,7000,Minivan
2012,Dodge,Grand Caravan,fl,5100,Minivan
2012,Ford,Fiesta,fl,7400,Hatchback
2012,Ford,Fiesta,fl,10000,Hatchback
2012,Ford,Flex,fl,21100,Hatchback
2012,Ford,Focus,fl,10400,Hatchback
2012,Ford,Focus,fl,12100,Hatchback
2012,Ford,Focus,fl,13700,Hatchback
2012,Ford,Mustang,fl,15700,Convertible
2012,Hyundai,Elantra Touring,fl,9900,Hatchback
2012,Mercedes-Benz,SLK-Class,fl,28750,Convertible
2012,Nissan,NV,fl,17400,Minivan
2012,Nissan,Quest,fl,15500,Minivan
2012,Porsche,911,fl,73250,Convertible
2012,Scion,tC,fl,13500,Hatchback
2012,Toyota,Sienna,fl,24600,Minivan
2012,Toyota,Sienna,fl,18800,Minivan
2012,Toyota,Sienna,fl,18500,Minivan
2012,Toyota,Prius,fl,17800,Hatchback
2012,Toyota,Sienna,fl,19100,Minivan
2012,Volkswagen,Routan,fl,16400,Minivan
2012,Chevrolet,Express Cargo,fl,13700,Minivan
2012,Chevrolet,Camaro,fl,24500,Convertible
2012,Dodge,Grand Caravan,fl,11600,Minivan
2012,Dodge,Grand Caravan,fl,10400,Minivan
2012,Dodge,Grand Caravan,fl,10300,Minivan
2012,Dodge,Grand Caravan,fl,11200,Minivan
2012,Dodge,Grand Caravan,fl,5400,Minivan
2012,Dodge,Grand Caravan,fl,10100,Minivan
2012,Dodge,Grand Caravan,fl,11300,Minivan
2012,Dodge,Grand Caravan,fl,10100,Minivan
2012,Dodge,Grand Caravan,fl,11000,Minivan
2012,Kia,Sedona,fl,9900,Minivan
2012,Toyota,Prius c,fl,12000,Hatchback
2012,Toyota,Prius,fl,13000,Hatchback
2012,Chevrolet,Volt,wa,12000,Hatchback
2012,Chevrolet,Volt,wa,10200,Hatchback
2012,Chevrolet,Volt,wa,17300,Hatchback
2012,Chevrolet,Volt,fl,15000,Hatchback
2012,Chevrolet,Volt,wa,13500,Hatchback
2012,Chrysler,200,fl,7900,Convertible
2012,Dodge,Grand Caravan,wa,9300,Minivan
2012,Dodge,Grand Caravan,fl,10200,Minivan
2012,Dodge,Grand Caravan,fl,9500,Minivan
2012,Dodge,Grand Caravan,fl,10900,Minivan
2012,Dodge,Grand Caravan,fl,10501,Minivan
2012,Dodge,Grand Caravan,fl,10200,Minivan
2012,Dodge,Grand Caravan,fl,10100,Minivan
2012,Dodge,Grand Caravan,wa,13600,Minivan
2012,Dodge,Grand Caravan,fl,11300,Minivan
2012,Dodge,Grand Caravan,fl,6500,Minivan
2012,Dodge,Grand Caravan,fl,10500,Minivan
2012,Dodge,Grand Caravan,fl,10600,Minivan
2012,Dodge,Grand Caravan,fl,10200,Minivan
2012,Dodge,Grand Caravan,fl,10200,Minivan
2012,Dodge,Grand Caravan,fl,10200,Minivan
2012,Dodge,Grand Caravan,fl,10500,Minivan
2012,Dodge,Grand Caravan,fl,10800,Minivan
2012,Dodge,Grand Caravan,fl,10100,Minivan
2012,Dodge,Grand Caravan,fl,9900,Minivan
2012,Dodge,Grand Caravan,fl,10200,Minivan
2012,Dodge,Grand Caravan,fl,9800,Minivan
2012,Dodge,Grand Caravan,fl,9600,Minivan
2012,Dodge,Grand Caravan,fl,10100,Minivan
2012,Dodge,Grand Caravan,fl,9701,Minivan
2012,Dodge,Grand Caravan,fl,8800,Minivan
2012,Dodge,Grand Caravan,fl,10301,Minivan
2012,Dodge,Grand Caravan,fl,10200,Minivan
2012,Dodge,Grand Caravan,fl,9900,Minivan
2012,Dodge,Grand Caravan,fl,10501,Minivan
2012,Dodge,Grand Caravan,fl,9700,Minivan
2012,Dodge,Grand Caravan,fl,10400,Minivan
2012,Dodge,Grand Caravan,fl,10600,Minivan
2012,Dodge,Grand Caravan,fl,9900,Minivan
2012,Dodge,Grand Caravan,fl,10000,Minivan
2012,Dodge,Grand Caravan,fl,10400,Minivan
2012,Dodge,Grand Caravan,fl,10300,Minivan
2012,Dodge,Grand Caravan,fl,11200,Minivan
2012,Dodge,Grand Caravan,fl,10500,Minivan
2012,Dodge,Grand Caravan,fl,10300,Minivan
2012,FIAT,500,fl,7900,Hatchback
2012,Ford,Focus,fl,9300,Hatchback
2012,Ford,Focus,fl,8900,Hatchback
2012,Ford,Focus,fl,8401,Hatchback
2012,Kia,Sedona,fl,10600,Minivan
2012,Lexus,CT 200h,fl,20000,Hatchback
2012,Kia,Soul,fl,9100,Hatchback
2012,Mazda,Mazda5,fl,9000,Minivan
2012,Mazda,Mazda5,fl,10100,Minivan
2012,Subaru,Outback,wa,19900,Hatchback
2012,Toyota,Prius c,fl,7500,Hatchback
2012,Toyota,Prius,wa,15800,Hatchback
2012,Toyota,Yaris,fl,8300,Hatchback
2012,Volkswagen,Golf R,fl,25600,Hatchback
2012,Audi,A3,fl,23000,Hatchback
2012,BMW,1 Series,fl,37200,Convertible
2012,BMW,3 Series,fl,32000,Convertible
2012,Chevrolet,Express Cargo,fl,8300,Minivan
2012,Chevrolet,Express Cargo,wa,15750,Minivan
2012,Chrysler,Town and Country,fl,22000,Minivan
2012,Chrysler,200,wa,4800,Convertible
2012,Dodge,Grand Caravan,fl,10400,Minivan
2012,Dodge,Caliber,fl,11500,Hatchback
2012,Dodge,Grand Caravan,fl,9900,Minivan
2012,Dodge,Grand Caravan,fl,15700,Minivan
2012,FIAT,500,fl,6800,Hatchback
2012,Dodge,Grand Caravan,fl,11500,Minivan
2012,FIAT,500,fl,8100,Hatchback
2012,Ferrari,California,fl,131000,Convertible
2012,FIAT,500,fl,7800,Hatchback
2012,Ford,Fiesta,fl,7700,Hatchback
2012,Ford,Fiesta,fl,8000,Hatchback
2012,Ford,Flex,fl,24600,Hatchback
2012,Ford,Focus,fl,10000,Hatchback
2012,Ford,Mustang,fl,18600,Convertible
2012,Honda,Odyssey,fl,25600,Minivan
2012,Honda,Odyssey,fl,21300,Minivan
2012,Honda,Odyssey,fl,26800,Minivan
2012,Honda,Odyssey,fl,20000,Minivan
2012,Hyundai,Veloster,fl,13000,Hatchback
2012,Infiniti,G Convertible,fl,29200,Convertible
2012,Lexus,CT 200h,fl,19400,Hatchback
2012,Kia,Soul,fl,9700,Hatchback
2012,Kia,Soul,fl,12400,Hatchback
2012,MINI,Cooper,fl,13600,Hatchback
2012,Mazda,Mazda5,fl,12700,Minivan
2012,Mazda,Mazda5,fl,10800,Minivan
2012,Mazda,Mazda2,fl,7400,Hatchback
2012,MINI,Cooper Countryman,fl,20600,Hatchback
2012,Mercedes-Benz,SLK-Class,fl,32800,Convertible
2012,Mitsubishi,i-MiEV,fl,9000,Hatchback
2012,Nissan,Quest,fl,11200,Minivan
2012,Nissan,Versa,wa,9300,Hatchback
2012,Nissan,Versa,fl,8600,Hatchback
2012,Suzuki,SX4,fl,7300,Hatchback
2012,Toyota,Sienna,fl,10800,Minivan
2012,Toyota,Sienna,fl,12800,Minivan
2012,Toyota,Prius,fl,12100,Hatchback
2012,Toyota,Prius,fl,10700,Hatchback
2012,Toyota,Prius,fl,12700,Hatchback
2012,Toyota,Prius v,fl,19300,Hatchback
2012,Toyota,Sienna,fl,13600,Minivan
2012,Toyota,Sienna,fl,15400,Minivan
2012,Volkswagen,Beetle,fl,15600,Hatchback
2012,Volkswagen,Beetle,fl,13200,Hatchback
2012,Chrysler,Town and Country,fl,21000,Minivan
2012,Dodge,Grand Caravan,fl,7350,Minivan
2012,Ford,Flex,fl,24100,Hatchback
2012,MINI,Cooper,fl,10400,Hatchback
2012,BMW,3 Series,fl,30600,Convertible
2012,Audi,A5,fl,24400,Convertible
2012,Chevrolet,Express Cargo,fl,5900,Minivan
2012,Chevrolet,Express Cargo,fl,8000,Minivan
2012,Chevrolet,Express Cargo,fl,5800,Minivan
2012,Chevrolet,Volt,wa,9600,Hatchback
2012,Dodge,Grand Caravan,fl,11900,Minivan
2012,FIAT,500,fl,9100,Hatchback
2012,Ford,Focus,fl,11100,Hatchback
2012,Ford,Flex,wa,22100,Hatchback
2012,Ford,Fiesta,fl,9300,Hatchback
2012,Ford,Focus,fl,7900,Hatchback
2012,Honda,Odyssey,fl,15500,Minivan
2012,Honda,Odyssey,fl,14500,Minivan
2012,Hyundai,Accent,fl,9700,Hatchback
2012,Hyundai,Elantra Touring,fl,11000,Hatchback
2012,Infiniti,G Convertible,wa,29000,Convertible
2012,Hyundai,Veloster,fl,13400,Hatchback
2012,Hyundai,Veloster,fl,11800,Hatchback
2012,Hyundai,Veloster,fl,11900,Hatchback
2012,Hyundai,Veloster,fl,15100,Hatchback
2012,Hyundai,Veloster,fl,11100,Hatchback
2012,Kia,Rio,fl,9800,Hatchback
2012,Kia,Sedona,fl,10500,Minivan
2012,Kia,Sedona,fl,9700,Minivan
2012,Kia,Soul,fl,12300,Hatchback
2012,Kia,Sedona,fl,10500,Minivan
2012,Kia,Sedona,fl,10100,Minivan
2012,Kia,Sedona,fl,9500,Minivan
2012,Kia,Sedona,fl,10600,Minivan
2012,Mazda,Mazda5,fl,9900,Minivan
2012,Mazda,Mazda5,fl,9600,Minivan
2012,Nissan,Leaf,wa,11800,Hatchback
2012,Nissan,Leaf,wa,11100,Hatchback
2012,Nissan,Leaf,wa,13000,Hatchback
2012,Nissan,Leaf,wa,12400,Hatchback
2012,Nissan,Leaf,wa,11900,Hatchback
2012,Nissan,Leaf,wa,12000,Hatchback
2012,Nissan,Leaf,wa,11300,Hatchback
2012,Nissan,Leaf,wa,10100,Hatchback
2012,Nissan,Leaf,wa,11200,Hatchback
2012,Nissan,Leaf,wa,10900,Hatchback
2012,Nissan,Leaf,wa,10400,Hatchback
2012,Nissan,Leaf,wa,11800,Hatchback
2012,Nissan,Leaf,wa,11100,Hatchback
2012,Nissan,Leaf,wa,12100,Hatchback
2012,Nissan,Leaf,wa,11600,Hatchback
2012,Nissan,Leaf,wa,11700,Hatchback
2012,Nissan,Leaf,wa,11600,Hatchback
2012,Nissan,Leaf,wa,10800,Hatchback
2012,Nissan,Leaf,wa,10200,Hatchback
2012,Nissan,Leaf,wa,11200,Hatchback
2012,Nissan,Versa,fl,10200,Hatchback
2012,Scion,tC,wa,11800,Hatchback
2012,Toyota,Prius,wa,16700,Hatchback
2012,Volkswagen,Beetle,fl,12800,Hatchback
2012,Volkswagen,Beetle,fl,17000,Hatchback
2012,Volkswagen,GTI,fl,13400,Hatchback
2012,Volkswagen,Beetle,fl,12200,Hatchback
2012,Volkswagen,Eos,fl,16800,Convertible
2012,Volkswagen,GTI,fl,14200,Hatchback
2012,Volkswagen,Eos,fl,17000,Convertible
2012,Volkswagen,Golf,fl,10800,Hatchback
2012,Volkswagen,GTI,fl,13600,Hatchback
2012,Volkswagen,Routan,fl,11200,Minivan
2012,Volkswagen,Jetta SportWagen,fl,14800,Hatchback
2012,Volvo,C70,fl,26400,Convertible
2012,BMW,1 Series,fl,23200,Convertible
2012,FIAT,500,fl,7600,Hatchback
2012,Honda,CR-Z,fl,12100,Hatchback
2012,Honda,Fit,fl,10400,Hatchback
2012,Chevrolet,Express Cargo,fl,14800,Minivan
2012,Chrysler,Town and Country,fl,12000,Minivan
2012,Chrysler,200,fl,13800,Convertible
2012,Dodge,Grand Caravan,fl,12700,Minivan
2012,Honda,Odyssey,fl,23200,Minivan
2012,Hyundai,Veloster,fl,13400,Hatchback
2012,Kia,Soul,fl,7500,Hatchback
2012,Mazda,Mazda3,fl,10200,Hatchback
2012,Mazda,Mazda2,fl,9600,Hatchback
2012,Nissan,Quest,fl,15700,Minivan
2012,BMW,3 Series,fl,26000,Convertible
2012,BMW,3 Series,fl,27400,Convertible
2012,Chevrolet,Express Cargo,fl,15900,Minivan
2012,Chevrolet,Volt,fl,11500,Hatchback
2012,Dodge,Grand Caravan,fl,8100,Minivan
2012,Ford,Mustang,fl,12700,Convertible
2012,Ford,Mustang,fl,11000,Convertible
2012,Ford,Transit Connect,fl,13000,Minivan
2012,Honda,Odyssey,fl,18000,Minivan
2012,Kia,Sedona,fl,10100,Minivan
2012,Kia,Sedona,fl,10700,Minivan
2012,Lexus,CT 200h,fl,19700,Hatchback
2012,Lexus,CT 200h,fl,19000,Hatchback
2012,Lexus,CT 200h,fl,18800,Hatchback
2012,Lexus,CT 200h,fl,17700,Hatchback
2012,Lexus,CT 200h,fl,19000,Hatchback
2012,Lexus,CT 200h,fl,17700,Hatchback
2012,Lexus,CT 200h,fl,17500,Hatchback
2012,Lexus,CT 200h,fl,18600,Hatchback
2012,Lexus,CT 200h,fl,20400,Hatchback
2012,Lexus,CT 200h,fl,19500,Hatchback
2012,Lexus,CT 200h,fl,17500,Hatchback
2012,Lexus,CT 200h,fl,21000,Hatchback
2012,Lexus,CT 200h,fl,18500,Hatchback
2012,Mazda,MX-5 Miata,fl,16800,Convertible
2012,Nissan,Quest,fl,12600,Minivan
2012,Scion,iQ,fl,9000,Hatchback
2012,Scion,tC,fl,12500,Hatchback
2012,Toyota,Yaris,fl,10400,Hatchback
2012,Toyota,Sienna,fl,14000,Minivan
2012,Volkswagen,Golf,fl,9200,Hatchback
2012,Volkswagen,Golf,fl,9800,Hatchback
2012,Toyota,Sienna,fl,16400,Minivan
2012,Toyota,Sienna,fl,25200,Minivan
2012,BMW,Z4,fl,30200,Convertible
2012,Dodge,Grand Caravan,fl,10800,Minivan
2012,Chrysler,200,fl,17000,Convertible
2012,Ford,Focus,fl,8400,Hatchback
2012,Ford,Focus,fl,9000,Hatchback
2012,Hyundai,Elantra Touring,fl,9400,Hatchback
2012,Kia,Sedona,fl,16800,Minivan
2012,Kia,Soul,fl,9000,Hatchback
2012,Kia,Sedona,fl,9500,Minivan
2012,MINI,Cooper,fl,13000,Hatchback
2012,MINI,Cooper,fl,13400,Hatchback
2012,MINI,Cooper,fl,13200,Hatchback
2012,MINI,Cooper,fl,12200,Hatchback
2012,MINI,Cooper,fl,12800,Hatchback
2012,MINI,Cooper,fl,12400,Hatchback
2012,Mazda,Mazda3,fl,12200,Hatchback
2012,MINI,Cooper,fl,11600,Hatchback
2012,MINI,Cooper Countryman,fl,17000,Hatchback
2012,MINI,Cooper Countryman,fl,15800,Hatchback
2012,Nissan,Leaf,fl,11000,Hatchback
2012,Scion,tC,fl,12600,Hatchback
2012,Scion,xB,fl,12700,Hatchback
2012,Scion,xB,fl,12800,Hatchback
2012,Toyota,Sienna,fl,17700,Minivan
2012,Toyota,Prius,fl,13600,Hatchback
2012,Toyota,Prius,fl,13000,Hatchback
2012,Toyota,Prius,fl,11200,Hatchback
2012,Toyota,Prius,fl,14950,Hatchback
2012,Toyota,Prius,fl,14200,Hatchback
2012,Toyota,Prius,fl,13900,Hatchback
2012,Toyota,Prius,fl,14050,Hatchback
2012,Toyota,Prius,fl,14550,Hatchback
2012,Toyota,Sienna,fl,19650,Minivan
2012,Toyota,Sienna,fl,20500,Minivan
2012,Volkswagen,Beetle,fl,12400,Hatchback
2012,Volkswagen,Beetle,wa,11600,Hatchback
2012,Toyota,Sienna,fl,19500,Minivan
2012,Toyota,Sienna,fl,22400,Minivan
2012,Volkswagen,Beetle,wa,14400,Hatchback
2012,Toyota,Sienna,fl,19000,Minivan
2012,Toyota,Venza,fl,19700,Hatchback
2012,Toyota,Sienna,fl,20000,Minivan
2012,Toyota,Sienna,fl,15750,Minivan
2012,Toyota,Venza,fl,23600,Hatchback
2012,Volkswagen,Beetle,wa,14800,Hatchback
2012,Volkswagen,Beetle,wa,14000,Hatchback
2012,Audi,A5,wa,30800,Convertible
2012,Audi,A5,wa,23200,Convertible
2012,Audi,A4,wa,27400,Hatchback
2012,Audi,A4,wa,26200,Hatchback
2012,Audi,A3,wa,22000,Hatchback
2012,Chevrolet,Camaro,fl,20600,Convertible
2012,Ford,Focus,fl,7000,Hatchback
2012,Ford,Focus,fl,7600,Hatchback
2012,Ford,Focus,fl,6500,Hatchback
2012,Hyundai,Elantra Touring,fl,8200,Hatchback
2012,Infiniti,G Convertible,fl,28600,Convertible
2012,Hyundai,Veloster,fl,12400,Hatchback
2012,Kia,Forte,fl,7400,Hatchback
2012,Kia,Sedona,fl,9300,Minivan
2012,Lexus,CT 200h,fl,19000,Hatchback
2012,Volkswagen,Golf,fl,14200,Hatchback
2012,Chevrolet,Express Cargo,fl,9700,Minivan
2012,Chrysler,200,fl,11800,Convertible
2012,Dodge,Grand Caravan,fl,6700,Minivan
2012,Dodge,Grand Caravan,fl,11000,Minivan
2012,Dodge,Grand Caravan,fl,8600,Minivan
2012,Dodge,Grand Caravan,fl,8900,Minivan
2012,Dodge,Grand Caravan,wa,7600,Minivan
2012,Ford,E-Series Wagon,fl,17900,Minivan
2012,Ford,E-Series Wagon,fl,17700,Minivan
2012,Ford,Focus,fl,4000,Hatchback
2012,Ford,Transit Connect,fl,6950,Minivan
2012,Hyundai,Veloster,wa,14000,Hatchback
2012,Infiniti,G Convertible,fl,23800,Convertible
2012,Kia,Soul,wa,12500,Hatchback
2012,MINI,Cooper,wa,13400,Hatchback
2012,Mazda,Mazda2,fl,7800,Hatchback
2012,MINI,Cooper,wa,18700,Hatchback
2012,Nissan,Leaf,wa,11000,Hatchback
2012,Nissan,Quest,wa,12100,Minivan
2012,Toyota,Sienna,fl,21000,Minivan
2012,Volkswagen,Beetle,fl,8000,Hatchback
2012,FIAT,500,fl,7500,Hatchback
2012,Lexus,CT 200h,fl,19200,Hatchback
2012,Honda,Odyssey,fl,24000,Minivan
2012,Lexus,CT 200h,fl,18000,Hatchback
2012,Mercedes-Benz,E-Class,fl,31400,Convertible
2012,smart,fortwo,fl,6800,Hatchback
2012,Toyota,Sienna,fl,24800,Minivan
2012,Dodge,Grand Caravan,fl,11700,Minivan
2012,Dodge,Grand Caravan,fl,11900,Minivan
2012,Dodge,Grand Caravan,fl,11400,Minivan
2012,Toyota,Sienna,fl,13300,Minivan
2012,BMW,3 Series,fl,28000,Convertible
2012,Chevrolet,Volt,fl,14200,Hatchback
2012,Dodge,Grand Caravan,fl,7700,Minivan
2012,Dodge,Grand Caravan,fl,11400,Minivan
2012,Dodge,Grand Caravan,fl,7400,Minivan
2012,Dodge,Grand Caravan,fl,9900,Minivan
2012,Dodge,Grand Caravan,fl,11600,Minivan
2012,Dodge,Grand Caravan,fl,11600,Minivan
2012,Ford,Focus,fl,8600,Hatchback
2012,Honda,Odyssey,fl,24000,Minivan
2012,Hyundai,Veloster,fl,11400,Hatchback
2012,Kia,Soul,fl,8000,Hatchback
2012,MINI,Cooper,fl,16200,Convertible
2012,Toyota,Yaris,fl,10200,Hatchback
2012,Toyota,Venza,fl,13700,Hatchback
2012,BMW,3 Series,fl,25000,Hatchback
2012,BMW,6 Series,fl,46800,Convertible
2012,Dodge,Grand Caravan,fl,11700,Minivan
2012,Honda,Odyssey,fl,23500,Minivan
2012,Mazda,Mazda3,fl,10600,Hatchback
2012,Volkswagen,Jetta SportWagen,fl,14900,Hatchback
2012,BMW,Z4,fl,35800,Convertible
2012,BMW,Z4,fl,40400,Convertible
2012,Chevrolet,Express Cargo,fl,5900,Minivan
2012,Dodge,Grand Caravan,fl,11500,Minivan
2012,Ferrari,California,fl,141000,Convertible
2012,FIAT,500,fl,8500,Hatchback
2012,Ford,Focus,fl,11100,Hatchback
2012,Ford,Flex,fl,25500,Hatchback
2012,Ford,Transit Connect,fl,17800,Minivan
2012,Honda,Odyssey,fl,26000,Minivan
2012,Hyundai,Veloster,fl,11000,Hatchback
2012,Kia,Soul,fl,10500,Hatchback
2012,MINI,Cooper Countryman,fl,17600,Hatchback
2012,Mazda,Mazda5,fl,8800,Minivan
2012,Toyota,Sienna,fl,14800,Minivan
2012,Toyota,Sienna,fl,12500,Minivan
2012,Honda,Odyssey,fl,21100,Minivan
2012,Chevrolet,Volt,fl,14900,Hatchback
2012,FIAT,500,fl,7500,Hatchback
2012,Ford,Focus,fl,10500,Hatchback
2012,Honda,Odyssey,fl,22700,Minivan
2012,Kia,Sedona,fl,10800,Minivan
2012,Kia,Soul,fl,9600,Hatchback
2012,Mazda,Mazda3,fl,12400,Hatchback
2012,Chevrolet,Express Cargo,fl,14600,Minivan
2012,Chevrolet,Volt,fl,12400,Hatchback
2012,Chrysler,Town and Country,fl,19000,Minivan
2012,Dodge,Grand Caravan,fl,10200,Minivan
2012,FIAT,500,fl,8000,Hatchback
2012,Ford,Focus,fl,11700,Hatchback
2012,Ford,Mustang,fl,12800,Convertible
2012,Ford,Mustang,fl,16200,Convertible
2012,Infiniti,G Convertible,fl,26600,Convertible
2012,Infiniti,G Convertible,fl,27400,Convertible
2012,Kia,Sedona,fl,10701,Minivan
2012,Kia,Sedona,fl,10500,Minivan
2012,Mazda,Mazda5,fl,10000,Minivan
2012,Nissan,Juke,fl,15200,Hatchback
2012,Nissan,Leaf,fl,11000,Hatchback
2012,Scion,xB,fl,12900,Hatchback
2012,Scion,xB,fl,11800,Hatchback
2012,Toyota,Prius v,fl,16800,Hatchback
2012,Toyota,Prius,fl,13600,Hatchback
2012,Toyota,Sienna,fl,22000,Minivan
2012,Toyota,Sienna,fl,19600,Minivan
2012,Chevrolet,Volt,wa,14300,Hatchback
2012,Dodge,Grand Caravan,wa,12500,Minivan
2012,Dodge,Grand Caravan,fl,11400,Minivan
2012,Dodge,Grand Caravan,fl,7900,Minivan
2012,Dodge,Grand Caravan,wa,10200,Minivan
2012,Ford,Focus,wa,9000,Hatchback
2012,Ford,Focus,wa,10500,Hatchback
2012,Ford,Transit Connect,wa,17800,Minivan
2012,Honda,Odyssey,fl,21000,Minivan
2012,Nissan,Juke,fl,17200,Hatchback
2012,Scion,tC,fl,14100,Hatchback
2012,Toyota,Prius,fl,13700,Hatchback
2012,Toyota,Sienna,fl,16100,Minivan
2012,Toyota,Sienna,fl,17600,Minivan
2012,Toyota,Prius,fl,13800,Hatchback
2012,Toyota,Prius,wa,15400,Hatchback
2012,BMW,5 Series Gran Turismo,fl,35000,Hatchback
2012,Ford,Focus,fl,11600,Hatchback
2012,Ford,Focus,fl,9900,Hatchback
2012,Ford,Focus,fl,8200,Hatchback
2012,Ford,Mustang,fl,16900,Convertible
2012,Lexus,IS 250 C,fl,33300,Convertible
2012,Lexus,CT 200h,fl,18900,Hatchback
2012,Lexus,CT 200h,fl,17900,Hatchback
2012,Lexus,CT 200h,fl,18900,Hatchback
2012,Lexus,IS 350 C,fl,32700,Convertible
2012,Scion,tC,fl,12800,Hatchback
2012,Scion,tC,fl,12800,Hatchback
2012,Toyota,Prius,fl,15700,Hatchback
2012,Toyota,Sienna,fl,14700,Minivan
2012,Toyota,Yaris,fl,10300,Hatchback
2012,Dodge,Grand Caravan,fl,8600,Minivan
2012,Ford,Focus,fl,9400,Hatchback
2012,Honda,Odyssey,fl,25600,Minivan
2012,Hyundai,Elantra Touring,fl,12400,Hatchback
2012,Mazda,Mazda2,fl,5200,Hatchback
2012,Nissan,Leaf,wa,10300,Hatchback
2012,Nissan,Leaf,wa,10600,Hatchback
2012,Nissan,Leaf,wa,10600,Hatchback
2012,Nissan,Leaf,wa,11400,Hatchback
2012,Nissan,Leaf,wa,10700,Hatchback
2012,Nissan,Leaf,wa,11700,Hatchback
2012,Nissan,Leaf,wa,11600,Hatchback
2012,Nissan,Leaf,wa,10900,Hatchback
2012,Nissan,Leaf,wa,10900,Hatchback
2012,Nissan,Leaf,wa,10800,Hatchback
2012,Nissan,Leaf,wa,10600,Hatchback
2012,Nissan,Leaf,wa,8700,Hatchback
2012,Nissan,Leaf,wa,10900,Hatchback
2012,Nissan,Leaf,wa,10900,Hatchback
2012,Nissan,Leaf,wa,10400,Hatchback
2012,Nissan,Versa,wa,2900,Hatchback
2012,Volkswagen,Jetta SportWagen,fl,14000,Hatchback
2012,Volkswagen,Jetta SportWagen,fl,15500,Hatchback
2012,Chevrolet,Corvette,fl,42500,Convertible
2012,Volkswagen,Routan,fl,14100,Minivan
2012,Dodge,Grand Caravan,fl,11500,Minivan
2012,Dodge,Grand Caravan,fl,11001,Minivan
2012,Ford,Focus,fl,9700,Hatchback
2012,Nissan,Versa,fl,7500,Hatchback
2012,Toyota,Sienna,fl,13700,Minivan
2012,Toyota,Sienna,fl,22500,Minivan
2012,Toyota,Sienna,fl,23900,Minivan
2012,Audi,A4,wa,23000,Hatchback
2012,Chevrolet,Express Cargo,wa,6500,Minivan
2012,Chevrolet,Express Cargo,wa,5700,Minivan
2012,Chrysler,200,fl,9500,Convertible
2012,Dodge,Grand Caravan,fl,8900,Minivan
2012,Dodge,Grand Caravan,fl,11300,Minivan
2012,Dodge,Grand Caravan,fl,12100,Minivan
2012,FIAT,500,wa,9400,Hatchback
2012,Dodge,Grand Caravan,fl,11600,Minivan
2012,Dodge,Grand Caravan,fl,11500,Minivan
2012,Ford,Fiesta,fl,9200,Hatchback
2012,Ford,Fiesta,fl,11000,Hatchback
2012,Ford,Focus,fl,11600,Hatchback
2012,Ford,Focus,fl,10800,Hatchback
2012,Ford,Flex,fl,23300,Hatchback
2012,Ford,Focus,fl,8400,Hatchback
2012,Ford,Focus,fl,13100,Hatchback
2012,Ford,Focus,fl,12900,Hatchback
2012,Honda,Fit,fl,10200,Hatchback
2012,MINI,Cooper,fl,13500,Convertible
2012,Toyota,Prius c,fl,11900,Hatchback
2012,BMW,6 Series,fl,33400,Convertible
2012,BMW,5 Series Gran Turismo,fl,32000,Hatchback
2012,BMW,6 Series,fl,53000,Convertible
2012,Ford,Transit Connect,fl,7200,Minivan
2012,Honda,Odyssey,fl,24600,Minivan
2012,Kia,Soul,fl,10200,Hatchback
2012,Mercedes-Benz,SLK-Class,fl,30000,Convertible
2012,smart,fortwo,fl,4600,Hatchback
2012,Ram,C/V Cargo Van,fl,10700,Minivan
2012,Volkswagen,Eos,fl,20100,Convertible
2012,Toyota,Yaris,fl,8200,Hatchback
2012,BMW,3 Series,fl,20400,Convertible
2012,Chrysler,Town and Country,fl,14900,Minivan
2012,Chevrolet,Volt,fl,9700,Hatchback
2012,Dodge,Grand Caravan,wa,12400,Minivan
2012,Ford,Flex,fl,21900,Hatchback
2012,Honda,Crosstour,fl,20900,Hatchback
2012,Honda,Crosstour,fl,19500,Hatchback
2012,Hyundai,Accent,fl,10400,Hatchback
2012,Hyundai,Elantra Touring,fl,9900,Hatchback
2012,Hyundai,Veloster,fl,11500,Hatchback
2012,Infiniti,G Convertible,fl,29200,Convertible
2012,Infiniti,G Convertible,fl,27200,Convertible
2012,Hyundai,Veloster,fl,13900,Hatchback
2012,Hyundai,Veloster,fl,12200,Hatchback
2012,Kia,Soul,fl,11500,Hatchback
2012,Kia,Soul,fl,11200,Hatchback
2012,Mazda,Mazdaspeed 3,fl,15800,Hatchback
2012,Mazda,MX-5 Miata,fl,17800,Convertible
2012,Nissan,Leaf,fl,10000,Hatchback
2012,Nissan,Leaf,fl,11400,Hatchback
2012,Nissan,Versa,fl,10800,Hatchback
2012,Ford,Transit Connect,fl,15600,Minivan
2012,Honda,Odyssey,fl,23100,Minivan
2012,Honda,Odyssey,fl,22000,Minivan
2012,Kia,Soul,fl,11600,Hatchback
2012,Kia,Soul,fl,9800,Hatchback
2012,MINI,Cooper Countryman,fl,17000,Hatchback
2012,Mazda,Mazda5,fl,11600,Minivan
2012,Subaru,Outback,wa,15500,Hatchback
2012,Chevrolet,Volt,fl,9000,Hatchback
2012,Honda,Odyssey,fl,24400,Minivan
2012,Infiniti,G Convertible,fl,29200,Convertible
2012,Infiniti,G Convertible,fl,26400,Convertible
2012,Lexus,IS 250 C,fl,24600,Convertible
2012,Lexus,CT 200h,fl,19000,Hatchback
2012,Lexus,IS 250 C,fl,30000,Convertible
2012,Lexus,CT 200h,fl,18600,Hatchback
2012,Lexus,IS 250 C,fl,22500,Convertible
2012,Scion,tC,fl,12900,Hatchback
2012,Toyota,Sienna,fl,15700,Minivan
2012,Toyota,Sienna,fl,16500,Minivan
2012,Toyota,Sienna,fl,20400,Minivan
2012,Kia,Sedona,fl,9900,Minivan
2012,Kia,Sedona,fl,10000,Minivan
2012,Kia,Sedona,fl,9800,Minivan
2012,MINI,Cooper Countryman,fl,19000,Hatchback
2012,MINI,Cooper,fl,13000,Hatchback
2012,MINI,Cooper,fl,10200,Hatchback
2012,MINI,Cooper,fl,12000,Hatchback
2012,MINI,Cooper,fl,11400,Hatchback
2012,Mercedes-Benz,E-Class,fl,29600,Convertible
2012,Nissan,Juke,fl,14200,Hatchback
2012,Nissan,Versa,fl,7900,Hatchback
2012,Nissan,Versa,fl,7200,Hatchback
2012,Scion,tC,fl,11000,Hatchback
2012,Scion,xD,fl,11200,Hatchback
2012,Scion,tC,fl,13800,Hatchback
2012,Scion,tC,fl,10600,Hatchback
2012,Toyota,Sienna,fl,16400,Minivan
2012,Toyota,Sienna,fl,25400,Minivan
2012,Toyota,Sienna,fl,17800,Minivan
2012,Toyota,Sienna,fl,19600,Minivan
2012,Toyota,Venza,fl,19300,Hatchback
2012,Toyota,Prius,fl,13300,Hatchback
2012,Toyota,Sienna,fl,16900,Minivan
2012,Toyota,Prius,fl,14500,Hatchback
2012,Chevrolet,Camaro,fl,17800,Convertible
2012,Chevrolet,Express,fl,16000,Minivan
2012,Chrysler,Town and Country,fl,12400,Minivan
2012,Chevrolet,Volt,fl,12100,Hatchback
2012,Ford,Fiesta,fl,8500,Hatchback
2012,Ford,Focus,fl,8900,Hatchback
2012,Ford,Transit Connect,fl,19700,Minivan
2012,Ford,Flex,fl,15600,Hatchback
2012,Ford,Focus,fl,9600,Hatchback
2012,Kia,Sedona,fl,13800,Minivan
2012,MINI,Cooper Countryman,fl,15600,Hatchback
2012,Chevrolet,Sonic,fl,10200,Hatchback
2012,Chrysler,Town and Country,fl,12300,Minivan
2012,Dodge,Grand Caravan,fl,9800,Minivan
2012,Dodge,Grand Caravan,fl,10800,Minivan
2012,Chevrolet,Express Cargo,fl,8100,Minivan
2012,Dodge,Grand Caravan,fl,12400,Minivan
2012,Ford,E-Series Wagon,fl,10700,Minivan
2012,Kia,Soul,fl,8700,Hatchback
2012,Mazda,Mazda3,fl,11600,Hatchback
2012,Ford,Transit Connect,fl,11600,Minivan
2012,Honda,Odyssey,fl,25800,Minivan
2012,Mitsubishi,i-MiEV,fl,7900,Hatchback
2012,FIAT,500,fl,7600,Hatchback
2012,Dodge,Grand Caravan,fl,10000,Minivan
2012,Dodge,Grand Caravan,fl,12000,Minivan
2012,Ford,Focus,fl,9500,Hatchback
2012,Infiniti,G Convertible,fl,27000,Convertible
2012,Kia,Soul,fl,9900,Hatchback
2012,Scion,xB,fl,10900,Hatchback
2012,Toyota,Prius,fl,9100,Hatchback
2012,Chevrolet,Volt,fl,11500,Hatchback
2012,Chevrolet,Sonic,fl,6800,Hatchback
2012,Chrysler,200,fl,16700,Convertible
2012,Chrysler,Town and Country,wa,16500,Minivan
2012,Dodge,Grand Caravan,fl,11000,Minivan
2012,Dodge,Grand Caravan,fl,11500,Minivan
2012,Dodge,Grand Caravan,fl,11400,Minivan
2012,FIAT,500,fl,9600,Hatchback
2012,FIAT,500,fl,8000,Hatchback
2012,Ford,Focus,wa,3000,Hatchback
2012,Honda,Odyssey,fl,23800,Minivan
2012,Hyundai,Veloster,fl,10700,Hatchback
2012,Kia,Sedona,fl,7800,Minivan
2012,Kia,Sedona,fl,10300,Minivan
2012,Kia,Soul,fl,11800,Hatchback
2012,Mercedes-Benz,SL-Class,fl,65600,Convertible
2012,Ram,C/V Cargo Van,fl,7300,Minivan
2012,Scion,iQ,fl,9900,Hatchback
2012,Subaru,Impreza,fl,14800,Hatchback
2012,Subaru,Impreza,fl,15200,Hatchback
2012,BMW,6 Series,fl,47700,Convertible
2012,Mazda,MX-5 Miata,fl,20000,Convertible
2012,BMW,3 Series,fl,27000,Convertible
2012,Chevrolet,Express Cargo,fl,12000,Minivan
2012,Chrysler,200,fl,20600,Convertible
2012,Dodge,Grand Caravan,fl,12000,Minivan
2012,Dodge,Grand Caravan,fl,10800,Minivan
2012,Ford,Transit Connect,fl,14800,Minivan
2012,Honda,Odyssey,fl,27000,Minivan
2012,Honda,Insight,fl,8500,Hatchback
2012,Honda,Insight,fl,11200,Hatchback
2012,Honda,Insight,fl,10900,Hatchback
2012,Kia,Soul,fl,10200,Hatchback
2012,Mercedes-Benz,SLK-Class,fl,33200,Convertible
2012,Toyota,Venza,fl,22800,Hatchback
2012,Volkswagen,Jetta SportWagen,fl,15600,Hatchback
2012,Nissan,Versa,fl,6000,Hatchback
2012,smart,fortwo,fl,5300,Hatchback
2012,Honda,Odyssey,fl,26200,Minivan
2012,Lexus,CT 200h,fl,19400,Hatchback
2012,Lexus,CT 200h,fl,19100,Hatchback
2012,Lexus,CT 200h,fl,18100,Hatchback
2012,Mazda,Mazda5,fl,10100,Minivan
2012,Scion,iQ,fl,10100,Hatchback
2012,Toyota,Sienna,fl,19400,Minivan
2012,Toyota,Sienna,fl,20600,Minivan
2012,Toyota,Sienna,fl,19400,Minivan
2012,Toyota,Sienna,fl,20200,Minivan
2012,Toyota,Sienna,fl,20600,Minivan
2012,FIAT,500,fl,7200,Hatchback
2012,Dodge,Grand Caravan,fl,10000,Minivan
2012,FIAT,500,fl,9800,Hatchback
2012,Dodge,Grand Caravan,fl,10300,Minivan
2012,Ford,Focus,fl,8500,Hatchback
2012,Ford,Focus,fl,9800,Hatchback
2012,Ford,Focus,fl,9400,Hatchback
2012,Dodge,Grand Caravan,fl,10000,Minivan
2012,Honda,Odyssey,fl,18900,Minivan
2012,Infiniti,G Convertible,fl,23200,Convertible
2012,Nissan,Leaf,fl,11800,Hatchback
2012,Nissan,Versa,fl,11200,Hatchback
2012,Scion,tC,fl,11600,Hatchback
2012,Toyota,Prius,fl,12800,Hatchback
2012,Toyota,Prius,fl,14700,Hatchback
2012,Toyota,Sienna,fl,12700,Minivan
2012,Toyota,Sienna,fl,19900,Minivan
2012,Toyota,Sienna,fl,17800,Minivan
2012,Toyota,Sienna,fl,20200,Minivan
2012,Toyota,Sienna,fl,25300,Minivan
2012,Toyota,Sienna,fl,21700,Minivan
2012,Chevrolet,Corvette,fl,46000,Convertible
2012,Ford,E-Series Wagon,fl,17700,Minivan
2012,Ford,Fiesta,fl,9700,Hatchback
2012,Chevrolet,Camaro,fl,23000,Convertible
2012,Toyota,Sienna,fl,17400,Minivan
2012,FIAT,500,fl,8400,Hatchback
2012,Volkswagen,Beetle,fl,11000,Hatchback
2012,Volkswagen,Golf R,fl,24800,Hatchback
2012,Kia,Sedona,fl,13300,Minivan
2012,BMW,6 Series,fl,49100,Convertible
2012,Dodge,Grand Caravan,fl,12000,Minivan
2012,Dodge,Grand Caravan,fl,11800,Minivan
2012,Dodge,Grand Caravan,fl,11400,Minivan
2012,Kia,Soul,fl,9500,Hatchback
2012,Subaru,Impreza,fl,16400,Hatchback
2012,Honda,Odyssey,fl,22600,Minivan
2012,Toyota,Sienna,fl,24100,Minivan
2012,Nissan,Juke,wa,16500,Hatchback
2012,Volkswagen,GTI,fl,10100,Hatchback
2012,Toyota,Sienna,fl,17700,Minivan
2012,smart,fortwo,fl,5400,Hatchback
2012,Kia,Soul,fl,14800,Hatchback
2012,Nissan,Versa,fl,67500,Hatchback
2012,Chrysler,Town and Country,fl,21300,Minivan
2012,Dodge,Grand Caravan,fl,9100,Minivan
2012,Kia,Sedona,fl,8600,Minivan
2012,Kia,Soul,fl,6100,Hatchback
2012,smart,fortwo,fl,5000,Hatchback
2012,Mazda,Mazda5,fl,11100,Minivan
2012,Toyota,Prius,fl,14600,Hatchback
2012,BMW,Z4,fl,29000,Convertible
2012,BMW,3 Series,fl,26000,Convertible
2012,BMW,3 Series,fl,28000,Convertible
2012,MINI,Cooper Countryman,fl,17000,Hatchback
2012,Toyota,Prius v,fl,14500,Hatchback
2012,Toyota,Prius,fl,14350,Hatchback
2012,BMW,3 Series,fl,26200,Convertible
2012,Ford,Focus,fl,8500,Hatchback
2012,MINI,Cooper,wa,15500,Hatchback
2012,MINI,Cooper Countryman,fl,19000,Hatchback
2012,MINI,Cooper,fl,11400,Hatchback
2012,Toyota,Prius,fl,13700,Hatchback
2012,Hyundai,Veloster,fl,9600,Hatchback
2012,Ford,Focus,fl,8100,Hatchback
2012,Ford,Mustang,fl,12200,Convertible
2012,Ford,Transit Connect,fl,15400,Minivan
2012,Ford,Transit Connect,fl,12700,Minivan
2012,Toyota,Sienna,fl,16100,Minivan
2012,Toyota,Sienna,fl,16300,Minivan
2012,Ford,Fiesta,fl,8600,Hatchback
2012,Ford,Transit Connect,fl,15200,Minivan
2012,Chrysler,Town and Country,fl,18500,Minivan
2012,Nissan,Versa,fl,5200,Hatchback
2012,Toyota,Yaris,wa,5000,Hatchback
2012,Dodge,Grand Caravan,wa,6500,Minivan
2012,Dodge,Grand Caravan,fl,10000,Minivan
2012,Ford,Fiesta,fl,7600,Hatchback
2012,Chevrolet,Sonic,fl,5400,Hatchback
2012,Toyota,Sienna,fl,14200,Minivan
2012,Toyota,Sienna,fl,11600,Minivan
2012,Maserati,GranTurismo Convertible,fl,77500,Convertible
2012,Toyota,Sienna,fl,18100,Minivan
2012,MINI,Cooper,wa,12100,Hatchback
2012,MINI,Cooper Countryman,wa,15100,Hatchback
2012,smart,fortwo,fl,5700,Hatchback
2012,Toyota,Prius,fl,13700,Hatchback
2012,Dodge,Grand Caravan,fl,10500,Minivan
2012,Toyota,Prius,fl,13600,Hatchback
2012,Toyota,Prius,fl,14200,Hatchback
2012,Toyota,Prius,fl,13400,Hatchback
2012,Toyota,Prius v,fl,16000,Hatchback
2012,Infiniti,G Convertible,fl,26200,Convertible
2012,Infiniti,G Convertible,fl,24800,Convertible
2012,Nissan,Quest,fl,14200,Minivan
2012,Toyota,Prius,fl,9100,Hatchback
2012,Infiniti,G Convertible,fl,24800,Convertible
2012,Dodge,Grand Caravan,fl,11600,Minivan
2012,BMW,3 Series,fl,26500,Convertible
2012,smart,fortwo,fl,4800,Hatchback
2012,Scion,iQ,fl,8000,Hatchback
2012,Toyota,Sienna,fl,18700,Minivan
2012,Honda,Insight,fl,8200,Hatchback
2012,Kia,Soul,fl,9000,Hatchback
2012,Lexus,IS 250 C,fl,31300,Convertible
2012,Volkswagen,Beetle,fl,15600,Hatchback
2012,BMW,3 Series,fl,28800,Convertible
2012,MINI,Cooper,fl,11400,Hatchback
2012,MINI,Cooper,fl,17000,Convertible
2012,Nissan,Versa,fl,6400,Hatchback
2012,MINI,Cooper,wa,14300,Hatchback
2012,BMW,Z4,fl,31200,Convertible
2012,MINI,Cooper,fl,16500,Hatchback
2012,Dodge,Grand Caravan,fl,10500,Minivan
2012,Ford,Focus,fl,9600,Hatchback
2012,smart,fortwo,fl,6500,Hatchback
2012,Chevrolet,Express,fl,13901,Minivan
2012,Ford,Focus,fl,10300,Hatchback
2012,Ford,Focus,fl,11300,Hatchback
2012,Ford,Mustang,fl,14900,Convertible
2012,Kia,Soul,fl,9700,Hatchback
2012,Nissan,Versa,fl,6200,Hatchback
2012,Toyota,Prius,fl,12500,Hatchback
2012,Toyota,Prius,fl,12300,Hatchback
2012,Toyota,Prius,fl,12300,Hatchback
2012,Toyota,Prius v,fl,15950,Hatchback
2012,Toyota,Sienna,fl,18250,Minivan
2012,Ford,Flex,fl,14100,Hatchback
2012,Ford,Mustang,fl,14600,Convertible
2012,Scion,xB,fl,9200,Hatchback
2012,Hyundai,Accent,fl,8100,Hatchback
2012,Toyota,Prius,fl,14200,Hatchback
2012,Toyota,Sienna,fl,13000,Minivan
2012,Toyota,Venza,fl,21100,Hatchback
2012,Hyundai,Accent,fl,9300,Hatchback
2012,Kia,Soul,fl,10500,Hatchback
2012,Kia,Soul,fl,10400,Hatchback
2012,Toyota,Prius v,fl,18800,Hatchback
2012,BMW,1 Series,fl,22700,Convertible
2012,Mercedes-Benz,E-Class,fl,36000,Convertible
2012,BMW,3 Series,fl,25800,Convertible
2012,BMW,3 Series,fl,26000,Convertible
2012,BMW,1 Series,fl,25200,Convertible
2012,BMW,3 Series,fl,35725,Convertible
2012,BMW,3 Series,fl,31400,Convertible
2012,BMW,3 Series,fl,29800,Convertible
2012,BMW,Z4,fl,28000,Convertible
2012,MINI,Cooper Coupe,fl,10900,Hatchback
2012,Chevrolet,Express,fl,14400,Minivan
2012,Chrysler,Town and Country,fl,21700,Minivan
2012,Honda,Crosstour,fl,18000,Hatchback
2012,Scion,tC,fl,12400,Hatchback
2012,BMW,3 Series,wa,24000,Convertible
2012,BMW,Z4,fl,25500,Convertible
2012,Chrysler,Town and Country,fl,22400,Minivan
2012,Dodge,Grand Caravan,fl,10000,Minivan
2012,Ford,Focus,fl,9300,Hatchback
2012,Ford,Focus,fl,7300,Hatchback
2012,Ford,Mustang,fl,13800,Convertible
2012,Kia,Soul,fl,6400,Hatchback
2012,Kia,Rio,fl,8800,Hatchback
2012,Lexus,IS 250 C,fl,33400,Convertible
2012,smart,fortwo,fl,5700,Hatchback
2012,Mitsubishi,Eclipse Spyder,wa,10300,Convertible
2012,Nissan,Versa,fl,8700,Hatchback
2012,Scion,xB,fl,9700,Hatchback
2012,Scion,tC,fl,11800,Hatchback
2012,Volkswagen,Beetle,fl,13800,Hatchback
2012,BMW,3 Series,fl,27200,Convertible
2012,BMW,3 Series,fl,26000,Convertible
2012,Chrysler,Town and Country,fl,12600,Minivan
2012,Chrysler,Town and Country,fl,18300,Minivan
2012,FIAT,500,fl,11100,Convertible
2012,Honda,Crosstour,fl,17000,Hatchback
2012,Nissan,Versa,fl,10300,Hatchback
2012,Subaru,Impreza,fl,16500,Hatchback
2012,Ford,Fiesta,fl,6800,Hatchback
2012,Ford,Focus,fl,9700,Hatchback
2012,Ford,Mustang,fl,12500,Convertible
2012,BMW,1 Series,fl,27300,Convertible
2012,BMW,1 Series,fl,21000,Convertible
2012,BMW,1 Series,fl,23000,Convertible
2012,BMW,3 Series,fl,31400,Convertible
2012,BMW,3 Series,fl,28000,Convertible
2012,BMW,3 Series,fl,25000,Convertible
2012,BMW,Z4,fl,27400,Convertible
2012,Honda,Odyssey,fl,24500,Minivan
2012,Nissan,Juke,fl,15000,Hatchback
2012,Scion,xD,fl,9100,Hatchback
2012,Volkswagen,Jetta SportWagen,fl,11500,Hatchback
2012,Ford,Focus,fl,8400,Hatchback
2012,Ford,Focus,fl,9600,Hatchback
2012,Honda,Fit,fl,11300,Hatchback
2012,Hyundai,Elantra Touring,fl,9600,Hatchback
2012,Infiniti,G Convertible,fl,25200,Convertible
2012,Hyundai,Veloster,fl,12800,Hatchback
2012,MINI,Cooper,fl,16000,Hatchback
2012,Nissan,Leaf,fl,8500,Hatchback
2012,Nissan,Versa,fl,10000,Hatchback
2012,Subaru,Outback,wa,17300,Hatchback
2012,Volkswagen,GTI,fl,12500,Hatchback
2012,BMW,6 Series,fl,48200,Convertible
2012,Chrysler,Town and Country,fl,12500,Minivan
2012,Dodge,Grand Caravan,fl,10000,Minivan
2012,Dodge,Grand Caravan,fl,10100,Minivan
2012,Dodge,Grand Caravan,fl,9800,Minivan
2012,Dodge,Grand Caravan,fl,10300,Minivan
2012,Ford,Focus,fl,6600,Hatchback
2012,Lexus,CT 200h,fl,16900,Hatchback
2012,Lexus,CT 200h,fl,18800,Hatchback
2012,Lexus,CT 200h,fl,17200,Hatchback
2012,Lexus,IS 250 C,fl,28700,Convertible
2012,Lexus,IS 250 C,fl,26200,Convertible
2012,Lexus,IS 250 C,fl,26400,Convertible
2012,Lexus,IS 250 C,fl,32000,Convertible
2012,Scion,iQ,fl,8500,Hatchback
2012,smart,fortwo,fl,6100,Hatchback
2012,smart,fortwo,fl,5200,Hatchback
2012,smart,fortwo,fl,4900,Hatchback
2012,smart,fortwo,fl,5100,Hatchback
2012,Scion,xB,fl,11500,Hatchback
2012,Toyota,Sienna,fl,16400,Minivan
2012,Toyota,Sienna,fl,16900,Minivan
2012,Toyota,Sienna,fl,19000,Minivan
2012,Audi,A3,fl,19400,Hatchback
2012,BMW,3 Series,fl,29000,Convertible
2012,BMW,Z4,fl,36000,Convertible
2012,Chrysler,200,fl,13900,Convertible
2012,FIAT,500,fl,6900,Hatchback
2012,Ford,Focus,wa,10400,Hatchback
2012,Ford,Focus,fl,8500,Hatchback
2012,Ford,Focus,fl,13400,Hatchback
2012,MINI,Cooper,fl,15000,Hatchback
2012,Mazda,Mazda5,fl,7700,Minivan
2012,BMW,3 Series,fl,32200,Convertible
2012,Ford,Fiesta,fl,6400,Hatchback
2012,Kia,Sedona,fl,9800,Minivan
2012,Nissan,Versa,fl,10400,Hatchback
2012,Nissan,Versa,fl,6300,Hatchback
2012,Nissan,Versa,fl,10000,Hatchback
2012,Scion,xB,fl,11300,Hatchback
2012,BMW,6 Series,fl,47200,Convertible
2012,Dodge,Grand Caravan,fl,9700,Minivan
2012,Ford,Focus,fl,11300,Hatchback
2012,Ford,Focus,fl,8000,Hatchback
2012,Ford,Focus,fl,9000,Hatchback
2012,Mazda,MX-5 Miata,fl,19200,Convertible
2012,Mitsubishi,Eclipse Spyder,fl,7800,Convertible
2012,Scion,tC,fl,13400,Hatchback
2012,Ram,C/V Cargo Van,fl,7000,Minivan
2012,Toyota,Prius v,fl,15250,Hatchback
2012,Nissan,Leaf,wa,6900,Hatchback
2012,Nissan,Leaf,wa,8800,Hatchback
2012,Nissan,Leaf,wa,9800,Hatchback
2012,Nissan,Leaf,wa,7800,Hatchback
2012,Nissan,Leaf,wa,7700,Hatchback
2012,Nissan,Leaf,wa,9000,Hatchback
2012,Nissan,Leaf,wa,9400,Hatchback
2012,BMW,3 Series,fl,28500,Convertible
2012,Chrysler,Town and Country,fl,23200,Minivan
2012,Toyota,Sienna,fl,10700,Minivan
2012,Toyota,Sienna,fl,10700,Minivan
2012,Toyota,Prius c,fl,9500,Hatchback
2012,Chevrolet,Camaro,fl,24300,Convertible
2012,Dodge,Grand Caravan,fl,12500,Minivan
2012,Jaguar,XK,fl,51800,Convertible
2012,Toyota,Sienna,fl,23400,Minivan
2012,BMW,Z4,fl,32000,Convertible
2012,Ford,Mustang,fl,16200,Convertible
2012,MINI,Cooper,fl,12400,Hatchback
2012,smart,fortwo,fl,5900,Hatchback
2012,Subaru,Impreza,fl,27600,Hatchback
2012,Chevrolet,Express Cargo,fl,17800,Minivan
2012,Honda,Odyssey,fl,22500,Minivan
2012,Hyundai,Veloster,fl,14000,Hatchback
2012,Infiniti,G Convertible,fl,27800,Convertible
2012,Infiniti,G Convertible,fl,28200,Convertible
2012,Infiniti,G Convertible,fl,29000,Convertible
2012,Infiniti,G Convertible,fl,30000,Convertible
2012,Infiniti,G Convertible,fl,26200,Convertible
2012,Kia,Forte,fl,7000,Hatchback
2012,Kia,Soul,fl,8300,Hatchback
2012,MINI,Cooper,wa,12000,Hatchback
2012,Mazda,Mazda3,wa,13700,Hatchback
2012,Nissan,Leaf,fl,8000,Hatchback
2012,Nissan,Leaf,fl,7000,Hatchback
2012,Nissan,Leaf,fl,7000,Hatchback
2012,Nissan,Leaf,fl,9500,Hatchback
2012,Nissan,Juke,fl,15000,Hatchback
2012,Nissan,Leaf,fl,8300,Hatchback
2012,Nissan,Leaf,fl,10100,Hatchback
2012,Nissan,Juke,fl,13800,Hatchback
2012,Nissan,Quest,fl,22600,Minivan
2012,Nissan,Versa,fl,10200,Hatchback
2012,Nissan,Versa,fl,10100,Hatchback
2012,Nissan,Versa,fl,9200,Hatchback
2012,Nissan,Versa,fl,9100,Hatchback
2012,Nissan,Versa,fl,9600,Hatchback
2012,Scion,xB,wa,12700,Hatchback
2012,Scion,xD,wa,10600,Hatchback
2012,Scion,xD,wa,10600,Hatchback
2012,Scion,tC,wa,15250,Hatchback
2012,Subaru,Outback,fl,18000,Hatchback
2012,Toyota,Sienna,wa,21000,Minivan
2012,Dodge,Grand Caravan,fl,10200,Minivan
2012,Subaru,Outback,fl,16600,Hatchback
2012,Toyota,Prius c,wa,15000,Hatchback
2012,Volvo,C70,fl,22500,Convertible
2012,BMW,3 Series,fl,24600,Convertible
2012,BMW,5 Series Gran Turismo,fl,26000,Hatchback
2012,BMW,5 Series Gran Turismo,fl,25800,Hatchback
2012,Ferrari,California,fl,149000,Convertible
2012,Ferrari,California,fl,138000,Convertible
2012,Honda,Odyssey,fl,23500,Minivan
2012,MINI,Cooper,fl,11700,Hatchback
2012,Scion,xB,fl,8400,Hatchback
2012,Scion,iQ,fl,8700,Hatchback
2012,Toyota,Prius,fl,13700,Hatchback
2012,Toyota,Sienna,fl,25400,Minivan
2012,Volkswagen,Eos,fl,17000,Convertible
2012,BMW,Z4,fl,30200,Convertible
2012,Chevrolet,Volt,fl,9900,Hatchback
2012,Hyundai,Elantra Touring,fl,11000,Hatchback
2012,Hyundai,Veloster,fl,12200,Hatchback
2012,MINI,Cooper,fl,16200,Convertible
2012,Maserati,GranTurismo Convertible,fl,76000,Convertible
2012,Mercedes-Benz,SLK-Class,fl,30750,Convertible
2012,smart,fortwo,fl,6200,Hatchback
2012,smart,fortwo,fl,6700,Hatchback
2012,smart,fortwo,fl,6400,Hatchback
2012,Volkswagen,GTI,fl,16300,Hatchback
2012,MINI,Cooper,fl,10400,Hatchback
2012,MINI,Cooper,fl,11000,Hatchback
2012,Nissan,Juke,fl,12500,Hatchback
2012,Toyota,Prius,fl,13200,Hatchback
2012,Toyota,Prius,fl,14600,Hatchback
2012,Toyota,Prius,fl,13200,Hatchback
2012,Toyota,Prius,fl,13500,Hatchback
2012,Toyota,Sienna,fl,25100,Minivan
2012,Toyota,Sienna,fl,19000,Minivan
2012,Toyota,Sienna,fl,21400,Minivan
2012,Toyota,Yaris,fl,8500,Hatchback
2012,Toyota,Sienna,fl,24400,Minivan
2012,Chevrolet,Express Cargo,fl,13000,Minivan
2012,Dodge,Grand Caravan,fl,10500,Minivan
2012,Dodge,Grand Caravan,fl,10200,Minivan
2012,Dodge,Grand Caravan,fl,10300,Minivan
2012,Dodge,Grand Caravan,fl,10300,Minivan
2012,Dodge,Grand Caravan,fl,10700,Minivan
2012,Dodge,Grand Caravan,fl,9700,Minivan
2012,Dodge,Grand Caravan,fl,10500,Minivan
2012,Dodge,Grand Caravan,fl,10500,Minivan
2012,Ford,Focus,fl,6200,Hatchback
2012,Kia,Soul,fl,9400,Hatchback
2012,Mazda,Mazda5,fl,9400,Minivan
2012,Nissan,Leaf,fl,9100,Hatchback
2012,Nissan,Leaf,fl,9500,Hatchback
2012,Nissan,Leaf,fl,7500,Hatchback
2012,Nissan,Juke,fl,11800,Hatchback
2012,Nissan,NV,fl,20200,Minivan
2012,Nissan,Versa,fl,9000,Hatchback
2012,Porsche,911,fl,69500,Convertible
2012,Scion,xB,fl,11200,Hatchback
2012,Scion,xD,fl,9100,Hatchback
2012,Scion,xD,fl,10400,Hatchback
2012,Toyota,Prius,fl,14400,Hatchback
2012,Toyota,Prius,fl,12100,Hatchback
2012,Toyota,Venza,fl,18200,Hatchback
2012,Toyota,Sienna,fl,19400,Minivan
2012,Chevrolet,Sonic,fl,7100,Hatchback
2012,Ford,Focus,fl,12500,Hatchback
2012,Honda,Odyssey,fl,24600,Minivan
2012,Infiniti,G Convertible,fl,32200,Convertible
2012,Infiniti,G Convertible,fl,24400,Convertible
2012,Hyundai,Veloster,fl,12600,Hatchback
2012,Lexus,CT 200h,fl,15500,Hatchback
2012,Kia,Soul,fl,11500,Hatchback
2012,Lexus,CT 200h,fl,16900,Hatchback
2012,Nissan,Quest,fl,17400,Minivan
2012,Scion,xB,fl,9700,Hatchback
2012,Scion,xB,fl,8800,Hatchback
2012,Toyota,Prius,fl,11400,Hatchback
2012,Toyota,Prius,fl,13000,Hatchback
2012,Toyota,Prius c,fl,9500,Hatchback
2012,Toyota,Prius,fl,11800,Hatchback
2012,Toyota,Prius c,fl,12100,Hatchback
2012,Toyota,Sienna,fl,15700,Minivan
2012,Volkswagen,GTI,wa,10500,Hatchback
2012,Infiniti,G Convertible,fl,21800,Convertible
2012,Lincoln,MKT,fl,20900,Hatchback
2012,MINI,Cooper,fl,11400,Hatchback
2012,MINI,Cooper,fl,12000,Hatchback
2012,MINI,Cooper,fl,11400,Hatchback
2012,MINI,Cooper,fl,11200,Hatchback
2012,MINI,Cooper,fl,11800,Hatchback
2012,MINI,Cooper,fl,16400,Hatchback
2012,MINI,Cooper,fl,14000,Hatchback
2012,MINI,Cooper,fl,11600,Hatchback
2012,MINI,Cooper,fl,13200,Hatchback
2012,MINI,Cooper Countryman,fl,17600,Hatchback
2012,MINI,Cooper,fl,12200,Hatchback
2012,MINI,Cooper,fl,11800,Hatchback
2012,MINI,Cooper,fl,12600,Hatchback
2012,MINI,Cooper,fl,11000,Hatchback
2012,MINI,Cooper,fl,11800,Hatchback
2012,MINI,Cooper,fl,12800,Hatchback
2012,Nissan,Versa,fl,4500,Hatchback
2012,Volkswagen,GTI,fl,15200,Hatchback
2012,Chevrolet,Express Cargo,fl,14500,Minivan
2012,Dodge,Grand Caravan,fl,10100,Minivan
2012,Dodge,Grand Caravan,fl,10200,Minivan
2012,Dodge,Grand Caravan,fl,10000,Minivan
2012,Ford,Focus,fl,7200,Hatchback
2012,Ford,Focus,fl,6700,Hatchback
2012,Ford,Transit Connect,fl,11000,Minivan
2012,Nissan,NV,fl,7900,Minivan
2012,BMW,3 Series,fl,24500,Convertible
2012,Dodge,Grand Caravan,fl,10000,Minivan
2012,FIAT,500,wa,8500,Hatchback
2012,Dodge,Grand Caravan,fl,10200,Minivan
2012,Ford,Flex,fl,23300,Hatchback
2012,Ford,Focus,fl,9300,Hatchback
2012,Ford,Focus,fl,8500,Hatchback
2012,Infiniti,G Convertible,wa,28000,Convertible
2012,Mazda,Mazda3,fl,12700,Hatchback
2012,Nissan,Leaf,wa,8900,Hatchback
2012,Nissan,Leaf,wa,8300,Hatchback
2012,Nissan,Leaf,wa,7300,Hatchback
2012,Nissan,Leaf,wa,9100,Hatchback
2012,Nissan,Leaf,wa,5900,Hatchback
2012,Nissan,Leaf,wa,8000,Hatchback
2012,Nissan,Leaf,wa,7300,Hatchback
2012,Nissan,Leaf,wa,7400,Hatchback
2012,Nissan,Versa,wa,7000,Hatchback
2012,BMW,5 Series Gran Turismo,wa,26000,Hatchback
2012,Dodge,Grand Caravan,fl,10700,Minivan
2012,MINI,Cooper,wa,11000,Hatchback
2012,MINI,Cooper,wa,12250,Hatchback
2012,MINI,Cooper,wa,12500,Hatchback
2012,MINI,Cooper Clubman,wa,12250,Hatchback
2012,MINI,Cooper,wa,19000,Convertible
2012,MINI,Cooper,wa,10750,Hatchback
2012,MINI,Cooper,wa,12800,Hatchback
2012,MINI,Cooper,wa,11750,Hatchback
2012,MINI,Cooper,wa,11500,Hatchback
2012,MINI,Cooper,wa,12000,Hatchback
2012,MINI,Cooper,wa,10250,Hatchback
2012,MINI,Cooper,wa,10500,Hatchback
2012,MINI,Cooper Countryman,fl,16500,Hatchback
2012,Lexus,CT 200h,fl,15000,Hatchback
2012,Toyota,Prius,fl,14000,Hatchback
2012,Volkswagen,Golf,fl,15200,Hatchback
2012,FIAT,500,fl,7900,Hatchback
2012,Ford,Flex,fl,17900,Hatchback
2012,Nissan,Versa,fl,6800,Hatchback
2012,Subaru,Outback,fl,19200,Hatchback
2012,Toyota,Sienna,fl,17000,Minivan
2012,Toyota,Sienna,fl,13000,Minivan
2012,Dodge,Grand Caravan,fl,11900,Minivan
2012,Honda,Crosstour,fl,15600,Hatchback
2012,Honda,Odyssey,fl,23900,Minivan
2012,Lexus,CT 200h,fl,15500,Hatchback
2012,Lexus,CT 200h,fl,18400,Hatchback
2012,MINI,Cooper,fl,9400,Hatchback
2012,MINI,Cooper,fl,11000,Hatchback
2012,MINI,Cooper,fl,12200,Hatchback
2012,Toyota,Prius,fl,13200,Hatchback
2012,BMW,3 Series,fl,27000,Convertible
2012,Dodge,Caliber,fl,9700,Hatchback
2012,Hyundai,Veloster,fl,12400,Hatchback
2012,Kia,Soul,fl,9600,Hatchback
2012,Toyota,Prius c,wa,12500,Hatchback
2012,Acura,ZDX,fl,30000,Hatchback
2012,Audi,A5,fl,23200,Convertible
2012,BMW,3 Series,fl,26400,Convertible
2012,BMW,1 Series,fl,24600,Convertible
2012,BMW,3 Series,fl,26800,Convertible
2012,BMW,Z4,fl,29400,Convertible
2012,Chevrolet,Express,fl,20000,Minivan
2012,Ford,Transit Connect,fl,13100,Minivan
2012,Hyundai,Veloster,fl,11000,Hatchback
2012,Kia,Sedona,fl,8775,Minivan
2012,Mazda,Mazdaspeed 3,fl,17400,Hatchback
2012,Mazda,MX-5 Miata,fl,19400,Convertible
2012,Nissan,Juke,fl,13100,Hatchback
2012,smart,fortwo,fl,5500,Hatchback
2012,Volkswagen,Golf,fl,12400,Hatchback
2012,Audi,A5,fl,19000,Convertible
2012,Audi,R8,fl,105000,Convertible
2012,Audi,A5,fl,21600,Convertible
2012,BMW,6 Series,fl,45000,Convertible
2012,Chevrolet,Camaro,fl,15000,Convertible
2012,Chevrolet,Express Cargo,fl,14600,Minivan
2012,Dodge,Grand Caravan,fl,7600,Minivan
2012,Dodge,Grand Caravan,fl,11300,Minivan
2012,Honda,Odyssey,fl,21800,Minivan
2012,Kia,Soul,fl,6900,Hatchback
2012,Lexus,CT 200h,fl,16300,Hatchback
2012,Mercedes-Benz,Sprinter,fl,36000,Minivan
2012,Scion,iQ,wa,9200,Hatchback
2012,Scion,tC,wa,14400,Hatchback
2012,Scion,xD,wa,8800,Hatchback
2012,smart,fortwo,fl,4700,Hatchback
2012,Volkswagen,GTI,fl,15600,Hatchback
2012,Volkswagen,Beetle,fl,15600,Hatchback
2012,Volkswagen,GTI,fl,19400,Hatchback
2012,Volkswagen,Beetle,fl,14200,Hatchback
2012,Volkswagen,Beetle,fl,11000,Hatchback
2012,Volkswagen,Beetle,fl,9800,Hatchback
2012,Volkswagen,GTI,fl,16800,Hatchback
2012,Volkswagen,Beetle,fl,14200,Hatchback
2012,Volkswagen,Golf,fl,9200,Hatchback
2012,Volkswagen,GTI,fl,18400,Hatchback
2012,Volkswagen,Beetle,fl,16800,Hatchback
2012,Toyota,Prius,wa,15400,Hatchback
2012,Volkswagen,Jetta SportWagen,wa,15300,Hatchback
2012,Dodge,Grand Caravan,fl,9800,Minivan
2012,Ford,E-Series Wagon,fl,14400,Minivan
2012,Honda,Odyssey,fl,20000,Minivan
2012,Kia,Forte,fl,12100,Hatchback
2012,Kia,Rio,fl,9000,Hatchback
2012,Kia,Soul,fl,12500,Hatchback
2012,Lexus,CT 200h,fl,13000,Hatchback
2012,Kia,Soul,fl,10100,Hatchback
2012,Kia,Soul,fl,9400,Hatchback
2012,Kia,Soul,fl,11300,Hatchback
2012,MINI,Cooper,fl,11000,Hatchback
2012,MINI,Cooper,fl,12400,Hatchback
2012,Mazda,MX-5 Miata,fl,13000,Convertible
2012,MINI,Cooper,fl,16000,Hatchback
2012,Nissan,Juke,fl,12300,Hatchback
2012,Toyota,Prius,fl,12200,Hatchback
2012,Audi,A4,wa,22000,Hatchback
2012,Hyundai,Veloster,fl,10600,Hatchback
2012,Hyundai,Veloster,wa,13300,Hatchback
2012,Hyundai,Veloster,wa,13200,Hatchback
2012,Kia,Soul,wa,8900,Hatchback
2012,Kia,Soul,fl,12100,Hatchback
2012,Kia,Soul,wa,11700,Hatchback
2012,Volkswagen,GTI,wa,12750,Hatchback
2012,Volkswagen,Beetle,wa,14250,Hatchback
2012,Dodge,Grand Caravan,fl,10300,Minivan
2012,Dodge,Grand Caravan,fl,10400,Minivan
2012,FIAT,500,fl,6900,Hatchback
2012,Lexus,CT 200h,fl,17600,Hatchback
2012,Lexus,IS 250 C,fl,29600,Convertible
2012,Lexus,CT 200h,fl,14900,Hatchback
2012,Lexus,CT 200h,fl,17000,Hatchback
2012,Lexus,CT 200h,fl,17100,Hatchback
2012,Lexus,CT 200h,fl,18600,Hatchback
2012,Audi,A3,fl,17300,Hatchback
2012,Ford,Flex,fl,23200,Hatchback
2012,Ford,Focus,fl,7400,Hatchback
2012,Ford,Focus,fl,9400,Hatchback
2012,Ford,Fiesta,fl,7300,Hatchback
2012,Ford,Focus,fl,10300,Hatchback
2012,Hyundai,Veloster,fl,11800,Hatchback
2012,Kia,Soul,fl,7000,Hatchback
2012,MINI,Cooper,fl,13500,Hatchback
2012,Mitsubishi,Eclipse Spyder,fl,12900,Convertible
2012,Nissan,Versa,fl,6800,Hatchback
2012,Porsche,911,fl,85100,Convertible
2012,Scion,xB,fl,11800,Hatchback
2012,Scion,xD,fl,11100,Hatchback
2012,Scion,iQ,fl,8200,Hatchback
2012,Scion,tC,fl,13700,Hatchback
2012,Scion,xB,fl,12200,Hatchback
2012,Toyota,Prius,fl,16000,Hatchback
2012,Toyota,Prius v,fl,16250,Hatchback
2012,Toyota,Prius,fl,13700,Hatchback
2012,Toyota,Prius,fl,14200,Hatchback
2012,Toyota,Prius,fl,14600,Hatchback
2012,Toyota,Prius,fl,14100,Hatchback
2012,Toyota,Prius,fl,13400,Hatchback
2012,Toyota,Prius,fl,13650,Hatchback
2012,Toyota,Prius,fl,14800,Hatchback
2012,Toyota,Prius,fl,12200,Hatchback
2012,Toyota,Prius,fl,13700,Hatchback
2012,Toyota,Prius,fl,14000,Hatchback
2012,Toyota,Prius,fl,12200,Hatchback
2012,Toyota,Prius,fl,13500,Hatchback
2012,Toyota,Prius,fl,15000,Hatchback
2012,Toyota,Prius,fl,12800,Hatchback
2012,Toyota,Prius,fl,14800,Hatchback
2012,Toyota,Prius,fl,14150,Hatchback
2012,Toyota,Venza,fl,16800,Hatchback
2012,Toyota,Sienna,fl,19800,Minivan
2012,Toyota,Sienna,fl,18400,Minivan
2012,Toyota,Venza,fl,19400,Hatchback
2012,Toyota,Sienna,fl,24000,Minivan
2012,Toyota,Venza,fl,17800,Hatchback
2012,Toyota,Sienna,fl,26400,Minivan
2012,Ford,Focus,fl,8100,Hatchback
2012,Ford,Focus,fl,7600,Hatchback
2012,Ford,Focus,fl,7600,Hatchback
2012,Ford,Focus,fl,8000,Hatchback
2012,Ford,Focus,fl,8100,Hatchback
2012,Scion,iQ,fl,7400,Hatchback
2012,Scion,tC,fl,11800,Hatchback
2012,Scion,tC,fl,12000,Hatchback
2012,Toyota,Venza,fl,16450,Hatchback
2012,Toyota,Sienna,fl,17000,Minivan
2012,Toyota,Sienna,fl,18200,Minivan
2012,Toyota,Sienna,fl,24400,Minivan
2012,Toyota,Sienna,fl,23800,Minivan
2012,Toyota,Sienna,fl,20600,Minivan
2012,Toyota,Sienna,fl,18000,Minivan
2012,BMW,3 Series,fl,27800,Convertible
2012,BMW,3 Series,fl,27600,Hatchback
2012,BMW,6 Series,fl,53000,Convertible
2012,BMW,6 Series,fl,49600,Convertible
2012,BMW,6 Series,fl,43800,Convertible
2012,BMW,6 Series,fl,48000,Convertible
2012,BMW,6 Series,fl,36400,Convertible
2012,Chevrolet,Camaro,fl,18000,Convertible
2012,Chevrolet,Volt,fl,13600,Hatchback
2012,FIAT,500,fl,6000,Hatchback
2012,Ford,E-Series Wagon,fl,17700,Minivan
2012,Dodge,Grand Caravan,fl,7000,Minivan
2012,Dodge,Grand Caravan,fl,9500,Minivan
2012,Ford,Fiesta,fl,7000,Hatchback
2012,Ford,Fiesta,fl,8100,Hatchback
2012,Ford,Focus,fl,7100,Hatchback
2012,Hyundai,Elantra Touring,fl,9900,Hatchback
2012,Honda,Odyssey,fl,23200,Minivan
2012,Infiniti,G Convertible,fl,24800,Convertible
2012,Infiniti,G Convertible,fl,28000,Convertible
2012,Infiniti,G Convertible,fl,25200,Convertible
2012,Infiniti,G Convertible,fl,28000,Convertible
2012,Infiniti,G Convertible,fl,24200,Convertible
2012,Infiniti,G Convertible,fl,29200,Convertible
2012,Infiniti,G Convertible,fl,26400,Convertible
2012,Infiniti,G Convertible,fl,26200,Convertible
2012,Infiniti,G Convertible,fl,29200,Convertible
2012,Infiniti,G Convertible,fl,30000,Convertible
2012,Hyundai,Veloster,fl,12000,Hatchback
2012,Infiniti,G Convertible,fl,25000,Convertible
2012,Infiniti,G Convertible,fl,30000,Convertible
2012,Infiniti,G Convertible,fl,25800,Convertible
2012,Infiniti,G Convertible,fl,27200,Convertible
2012,Infiniti,G Convertible,fl,24600,Convertible
2012,Kia,Soul,fl,11500,Hatchback
2012,Lexus,CT 200h,fl,18200,Hatchback
2012,Lexus,CT 200h,fl,18400,Hatchback
2012,Lexus,CT 200h,fl,16800,Hatchback
2012,Kia,Sedona,fl,15900,Minivan
2012,Lexus,CT 200h,fl,17400,Hatchback
2012,Lexus,CT 200h,fl,17000,Hatchback
2012,Lexus,CT 200h,fl,19000,Hatchback
2012,Lexus,CT 200h,fl,16600,Hatchback
2012,Kia,Soul,fl,10100,Hatchback
2012,Lexus,IS 350 C,fl,31000,Convertible
2012,Lexus,IS 250 C,fl,31000,Convertible
2012,Lexus,IS 250 C,fl,31000,Convertible
2012,MINI,Cooper Clubman,fl,14800,Hatchback
2012,MINI,Cooper,fl,11400,Hatchback
2012,MINI,Cooper,fl,12300,Hatchback
2012,MINI,Cooper,fl,11800,Hatchback
2012,MINI,Cooper Coupe,fl,14800,Hatchback
2012,MINI,Cooper,fl,15400,Hatchback
2012,MINI,Cooper,fl,11600,Hatchback
2012,MINI,Cooper,fl,13400,Hatchback
2012,MINI,Cooper Countryman,fl,16800,Hatchback
2012,MINI,Cooper,fl,12000,Hatchback
2012,MINI,Cooper Coupe,fl,12800,Hatchback
2012,MINI,Cooper,fl,11200,Hatchback
2012,MINI,Cooper,fl,11000,Hatchback
2012,MINI,Cooper,fl,16800,Convertible
2012,MINI,Cooper,fl,11000,Hatchback
2012,MINI,Cooper,fl,15400,Hatchback
2012,MINI,Cooper,fl,11200,Hatchback
2012,MINI,Cooper,fl,15800,Hatchback
2012,MINI,Cooper,fl,13000,Hatchback
2012,Mazda,Mazda3,fl,11700,Hatchback
2012,MINI,Cooper,fl,13000,Hatchback
2012,smart,fortwo,fl,4200,Hatchback
2012,Nissan,Leaf,fl,7700,Hatchback
2012,Nissan,Leaf,fl,9200,Hatchback
2012,Nissan,Quest,fl,11600,Minivan
2012,Nissan,Quest,fl,20000,Minivan
2012,Nissan,Quest,fl,21000,Minivan
2012,Nissan,Versa,fl,8000,Hatchback
2012,Toyota,Prius v,fl,11800,Hatchback
2012,Toyota,Venza,fl,21800,Hatchback
2012,BMW,3 Series,fl,23200,Convertible
2012,Chrysler,Town and Country,fl,12300,Minivan
2012,Chevrolet,Volt,wa,12000,Hatchback
2012,Dodge,Caliber,fl,6200,Hatchback
2012,FIAT,500,fl,7200,Hatchback
2012,Dodge,Grand Caravan,fl,9800,Minivan
2012,Dodge,Grand Caravan,fl,11000,Minivan
2012,Dodge,Grand Caravan,fl,9700,Minivan
2012,Dodge,Grand Caravan,fl,8200,Minivan
2012,Dodge,Grand Caravan,fl,9600,Minivan
2012,FIAT,500,fl,7700,Hatchback
2012,Dodge,Grand Caravan,fl,5300,Minivan
2012,Dodge,Grand Caravan,wa,12600,Minivan
2012,Dodge,Grand Caravan,fl,10200,Minivan
2012,FIAT,500,fl,9400,Hatchback
2012,Ford,Focus,fl,8400,Hatchback
2012,Ford,Flex,fl,22700,Hatchback
2012,Ford,Focus,wa,8100,Hatchback
2012,Ford,Focus,fl,8800,Hatchback
2012,Ford,Focus,fl,12000,Hatchback
2012,Ford,Focus,fl,8000,Hatchback
2012,Ford,Flex,fl,12600,Hatchback
2012,Ford,Focus,fl,7800,Hatchback
2012,Ford,Mustang,fl,17300,Convertible
2012,Ford,Transit Connect,fl,7500,Minivan
2012,Honda,Odyssey,fl,23500,Minivan
2012,Honda,Odyssey,fl,18600,Minivan
2012,Honda,Odyssey,fl,17500,Minivan
2012,Hyundai,Veloster,fl,13200,Hatchback
2012,Hyundai,Veloster,fl,11700,Hatchback
2012,Kia,Soul,fl,10300,Hatchback
2012,Kia,Soul,fl,12400,Hatchback
2012,Kia,Soul,fl,5000,Hatchback
2012,MINI,Cooper Countryman,fl,15800,Hatchback
2012,Nissan,Juke,fl,15100,Hatchback
2012,Nissan,Quest,fl,21200,Minivan
2012,Nissan,Versa,wa,7400,Hatchback
2012,Nissan,Versa,fl,6700,Hatchback
2012,Nissan,Versa,fl,8000,Hatchback
2012,Toyota,Prius,fl,12400,Hatchback
2012,Toyota,Prius,fl,13600,Hatchback
2012,Toyota,Prius,fl,12800,Hatchback
2012,Toyota,Prius,fl,14600,Hatchback
2012,Toyota,Prius,fl,11800,Hatchback
2012,Toyota,Sienna,fl,17300,Minivan
2012,Toyota,Sienna,fl,17200,Minivan
2012,Toyota,Prius,fl,13000,Hatchback
2012,Toyota,Sienna,fl,23000,Minivan
2012,BMW,1 Series,fl,22000,Convertible
2012,BMW,3 Series,fl,27000,Convertible
2012,BMW,1 Series,fl,22600,Convertible
2012,Chevrolet,Corvette,fl,34200,Convertible
2012,Dodge,Grand Caravan,wa,12300,Minivan
2012,Chrysler,Town and Country,fl,18800,Minivan
2012,Lexus,CT 200h,wa,23100,Hatchback
2012,MINI,Cooper Countryman,fl,15000,Hatchback
2012,Scion,iQ,wa,8300,Hatchback
2012,Toyota,Prius Plug-in,wa,15600,Hatchback
2012,Toyota,Prius c,wa,13300,Hatchback
2012,Toyota,Prius Plug-in,wa,15800,Hatchback
2012,Toyota,Prius,wa,17200,Hatchback
2012,Volkswagen,Eos,fl,17600,Convertible
2012,BMW,3 Series,fl,31800,Convertible
2012,BMW,6 Series,fl,41400,Convertible
2012,Ford,Focus,fl,9600,Hatchback
2012,Honda,Crosstour,fl,9000,Hatchback
2012,Mazda,Mazda2,fl,8500,Hatchback
2012,Mercedes-Benz,E-Class,fl,46000,Convertible
2012,Nissan,370Z,fl,26700,Convertible
2012,BMW,5 Series Gran Turismo,fl,28600,Hatchback
2012,Chrysler,Town and Country,fl,16000,Minivan
2012,Ford,Transit Connect,fl,8400,Minivan
2012,Honda,Odyssey,fl,23000,Minivan
2012,Subaru,Outback,fl,17600,Hatchback
2012,Volkswagen,Beetle,fl,11600,Hatchback
2012,Ford,Flex,wa,18400,Hatchback
2012,MINI,Cooper,fl,12900,Hatchback
2012,Maserati,GranTurismo Convertible,fl,90000,Convertible
2012,Audi,A5,fl,19200,Convertible
2012,FIAT,500,fl,7400,Hatchback
2012,Dodge,Grand Caravan,fl,9900,Minivan
2012,FIAT,500,fl,9200,Hatchback
2012,Ford,Focus,fl,9500,Hatchback
2012,Hyundai,Veloster,fl,10200,Hatchback
2012,Lexus,CT 200h,fl,17400,Hatchback
2012,Kia,Soul,fl,5200,Hatchback
2012,MINI,Cooper,fl,16800,Convertible
2012,Nissan,Leaf,wa,8100,Hatchback
2012,Scion,xD,fl,8500,Hatchback
2012,Subaru,Outback,fl,19250,Hatchback
2012,Toyota,Prius,wa,12500,Hatchback
2012,Ford,Fiesta,fl,7100,Hatchback
2012,Nissan,NV,wa,10200,Minivan
2012,Chevrolet,Volt,fl,13200,Hatchback
2012,Ford,Focus,fl,9000,Hatchback
2012,Ford,Focus,wa,16200,Hatchback
2012,Subaru,Outback,wa,17400,Hatchback
2012,Ford,Fiesta,fl,8200,Hatchback
2012,Honda,Odyssey,fl,21500,Minivan
2012,Kia,Soul,fl,11300,Hatchback
2012,Hyundai,Accent,fl,8500,Hatchback
2012,Hyundai,Accent,fl,4800,Hatchback
2012,Audi,A4,fl,28600,Hatchback
2012,Nissan,Versa,fl,4200,Hatchback
2012,Volkswagen,Golf,fl,9300,Hatchback
